label,review
1,这大下雪天的百度骑士非常好非常快的送来了，必须好评大赞
1,速度很快，下雪天辛苦了。
1,速度很快，下雨天师傅辛苦，味道很不错
1,特别好的师傅，冒雨还送得非常快，感谢百度外卖的送货师傅们。
1,送餐超快，半个小时不到就送到了
1,哈哈...送货神速.....赞赞赞
1,快递到家非常快，快递小哥服务也不错，今后会继续关注百度外卖
1,非常好，非常快！门牌号码没写都能送到，谢谢。
1,速度很快，服务好，稻香村食品也特别好吃。
1,出门不便，一个订单，非常快就送到了。也就十几分钟。
1,送餐人员很热情，下着小雨很辛苦的大老远给送来
1,很热情速度快…哎哟不错哦
1,好方便，用了代金券比去店里买还划算
1,配送员辛苦了，十分感谢，速度很快！
1,非常快，稻香村老字号东西味道都不错
1,因为个人原因未及时付款，快递大哥很和善，帮我想办法，多谢！
1,送餐很速度！糕点很好吃
1,味道不错，百度骑士的速度很赞～
1,非常好，很满意。好好好好哈。
1,很好，很快，稻香村的东西就是好，百度骑士也很快很棒……
1,送餐帅哥服务超好。。
1,非常不错，喜欢在百度外卖买吃的，速度快，服务好
1,送的非常快，包的也严实，好吃
1,很快的速度就过来了
1,挺好的，配送速度非常好
1,还没吃，包的挺好的，就是木有礼盒了
1,没想到呀，真的好快呀，支持支持！
1,非常快，半个小时送到。依旧是8月16号的生产日期。。。看来屯了好久了吧。不过也还好啦
1,非常快，方便。没有碎的。都很好。1个月前生产的。。。还能接受。
1,稻香村的糕点一直都很好吃
1,点心好.送货人员服务态度也非常好.赞一个。
1,送餐员很礼貌，很快！好评
1,不到半个小时就送到了，超快
1,送餐员服务很好，但商家把餐弄错了
1,送餐员人很好，服务不错。速度也挺快
1,送餐小哥很给力，大赞。
1,师傅辛苦了，认真负责，找了半天
1,配送速度很快，买来作为早点还挺好。
1,很满意，送的挺快，味道又好
1,百度快递师傅非常好，这么热的天这么快必须赞一个
1,非常不错，味道也非常好！
1,第二次购买了，作为早餐来吃还不错。
1,还送了两本书！包装也很完好.比在店里买还好！
1,送货速度很快
1,"特别快。比美团快多了。以后就百度啦,虽然少了份牛舌饼但是很快送过来了。挺好的"
1,二十分钟到了，太给力，大赞
1,百度外卖的袋子挺可爱的，送餐员服务也好。关键稻香村好吃！哈哈哈
1,这百度外卖师傅很好，到了以后没有零钱，还特意跑去换零钱，很诚恳，下次还要订百度外卖，给一万个好评给我这个师傅，棒棒达。
1,挺速度的，有效率。
1,快递很快，态度好，赞
1,"送得很快,东西也很好次"
1,"感觉香蕉布丁蛋糕不是很新鲜了。很硬。,其他还好"
1,很快，还送了礼物
1,蛋糕美味，送来的速度超快。
1,送餐很快，大崽欤辛苦配送傅了
1,我的午餐首选品牌…
1,没来得及，品尝！但是快递员少找我一块钱！59.9的点心，我给他100他又要了一块，找了我40.05元！郁闷
1,速度很快，服务态度也好。
1,"特别快,而且好吃"
1,服务态度非常好，谢谢！
1,比在店里买方便，东西特别好！包的很规整，百度骑士态度也特别好。赞
1,很好，快递员服务态度很好，速度也快
1,又快又好！！！
1,非常好，送货也快
1,送货快，老字号值得信赖。
1,送餐小哥十分热情，服务超赞，一定要表扬这个送餐小哥
1,汤多些面少些更好。
1,餐到的有点早，不知道味道咋样，还没次
1,菜很好吃，不过最好别吃带汤的，因为送过来时会变软好多，味道还是不错的
1,"最喜欢麻辣烫了,好吃~~~~~"
1,很好吃哦~~~
1,喜欢吃裹油条的煎饼，豆浆不觉得特别好。送餐特别快。
1,好吃，天气冷叫外卖很方便
1,外卖人员服务态度特别好！大风天气那么冷，外卖准时送达而且也保证了餐的温度！
1,很好吃，也很快，不错！
1,煎饼很好吃，但焖面太难吃
1,服务很好！少了豆浆，又特地送来
1,快递员很辛苦，赞一个
1,"送餐速度特别快,果断好评"
1,焖面很好吃，速度也很快
1,味道不错，骑士速度也超快！
1,好吃，送货员很好，就是太大了，切开就好了
1,快递小哥送餐快，煎饼味道也不错，好。
1,味道不错，配送非常及时，好评！
1,非常赞。棒棒的。赞赞赞
1,外卖小哥人超级好。。。。。。
1,非常热情的大哥，速度快服务好
1,百度骑士人好速度快！
1,"不知道黄家是没有薄脆的。。不爱吃，,肉松的不错"
1,"非常不错,喜欢:):)"
1,非常方便早餐到家。快递小哥很好。
1,快递员很辛苦！给个
1,好吃，豆腐脑也很好，就是送过来的时候有点凉了，得加热一下
1,一直久闻大名，味道还可以吧。
1,"感谢寒冬送餐,您辛苦了,服务很好温柔"
1,一如既往好吃又快捷！！！
1,外卖给力煎饼非常给力
1,味道不错，快递师傅赞赞哒
1,超喜欢吃豆腐脑和煎饼
1,非常满意，送餐员态度很好
1,小哥人很好，辛苦了～～
1,味道还可以，就是太少，没有什么特色，不会再买了
1,味道美极了，百度骑士的工作态度认真，商家电话不通，骑士亲自去店里说我的需求，真是棒棒嗒！
1,"棒棒哒棒棒哒棒棒哒,师傅辛苦"
1,小哥态度特别好，送的很快
1,送餐小哥速度很快～煎饼不错
1,经典组合，一直比较喜欢。
1,吃习惯了，我们一直都点他家。就是用心做得好。
1,路边摊买的我吃不完，皇太极买的吃完一个还觉得不饱！第一次也是最后一次……
1,速度很快，态度很好，赞一个
1,每一款都喜欢！太久没吃过油条了！赞赞赞！
1,煎饼越来越小越来越小
1,早餐首选，快递小哥准时
1,还行吧，偶尔吃一下还可以
1,第一次点餐，太惊艳了，在这种雾霾天，下单之后20分钟就送到了，还没品尝，直接全给五星好评，外卖小哥辛苦了，你们要注意身体哦，么么哒
1,师傅辛苦，很准时，点赞！
1,下雪天送餐小哥摔了，结果很快又重新送过来一份！
1,瞬间就送到了，冬天吃外卖好温馨
1,味道和送餐没得说，不过本来29减价现在边30了。唉
1,"味道不错,味道不错。。"
1,一直点他家的煎饼，第一次点卷类，卧槽，辣成狗了，希望商家少放点辣椒，实在受不了
1,那个麻辣拌素居然放糖…
1,"赞赞赞,很好吃,小哥送餐也很快"
1,没有想到鸡柳沙拉里面有那么多沙拉酱，我本来就感冒了不想吃太腻的，没想到还是吃了。。。
1,"还可以,但是饼还是烙出来的好,这种摊出来的,面饼,黏黏糊糊,不如那个好吃"
1,"挺好的,挺方便,非常好,不错"
1,"好吃,非常好吃"
1,非常好吃下次再买不错不错
1,不给筷子，咸菜难道要用手抓着吃……
1,"有点凉了,煎饼不热乎就好吃了,不过能在这雨夹雪的夜晚在屋里等待晚餐也是很爽的一件事儿"
1,我点的一个扁豆焖面套餐，还单点了一个奶茶，还有一个煎饼，结果只给我了一杯奶茶，套餐的可乐没给我，客服电话还老打不通，送餐师傅也不容易，算了，习惯好评。希望店家能在网页上留下送餐师傅的电话好即时联系。
1,超级快！还是热的，谢谢～
1,喜欢吃包菜粉丝卷！豆浆也很好！
1,很好吃，以后快餐就它了
1,"煎饼不错,麻辣拌素简直黑暗料理"
1,又快又好！一如既往！！???
1,南瓜羹撒了满口袋，煎饼已经惨不忍睹
1,都挺好的我很满意。。。
1,味道还可以，快递很快。
1,"非常好,素拌分量刚好一人吃，奶茶略甜了些，但有普洱味道，挺好喝的。,送餐小哥很有礼貌"
1,好吃但是太咸了，其他都还好
1,豆腐脑再多点香菜就好了
1,地址写错了，快递小哥人特别好，没怪我，虽然食品有点冷了，但是快递小哥的服务不错，赞一个
1,好吃，就是稍微有点凉了
1,"很快很快,但是南瓜羹很难喝"
1,还行，豆腐脑味道不行
1,超!好!吃!没吃过这么好吃的煎饼!
1,挺好的，豆浆很好喝～～～
1,"今天这个貌似不是很新鲜,而且送的有点慢,从订到送用了1个小时,昨天用40分钟,橙汁洒出来不少"
1,"鸡柳这个挺实在的,就是炸的,略腻"
1,凉面很赞！值得回购哦！！！
1,拉面吃到后面，感觉怪怪的
1,感觉有点辣，味道一般
1,"挺不错,老想吃,贵也吃,第一次吃就吃好了"
1,速度快，服务好，非常赞
1,味道还可以，主要是省事，送餐小哥不错，非常速度
1,还是黄家好吃，及第不喜欢。不过还是不错
1,还不错，挺好吃的，下次再尝试下煎饼
1,黄太极里的巨无霸。。
1,带脆饼的煎饼好吃
1,"好吃,快递很快,健康放心"
1,我说辣一点是在凉面里。卷饼里的全部都是辣椒超级啦只有两片都是肥肉。啦的我喷火其他还好啦。吃了你家很多次了怎么能这样伤人心啊
1,买少了。没吃够。下次多要点。送过来薄脆还是脆的
1,味道不错。酱香。蘑菇也很鲜
1,品质不错，希望一如既往地坚持！
1,"我要求十一点五十到十二点之间到，送达时间非常准～,本来还怕不够吃，其实量足够～而且很好吃～"
1,煎饼味道不错，豆腐脑也很赞
1,"略咸，建议添加选项,少刷酱嘻嘻，别的不错"
1,准时到达，非常满意
1,猪蹄太好吃了！煎饼也不错。可惜蘑菇是油炸的。
1,"快递给力,煎饼给力,会一直点餐"
1,"快递速度给力,煎饼一如既往的好,给赞"
1,煎饼味道一般，没觉得有多好，也许是期望值高了。
1,送餐及时，煎饼还是在店里做完当时吃香。
1,等了有点久
1,味道不错，就是送的慢
1,味道一般，速度还挺快的
1,豆浆不错到手一点没撒而且还是热的！赞快递
1,团购超值，很方便，味道也不错，女生吃有点多
1,土豆丝素材卷期待改良……真心不如薄脆煎饼
1,凉面味道确实不错，豆浆好喝。速度快。
1,拉面煎饼真的吃不习惯……还不如改成辣椒酱……反正不如薄脆煎饼味道好。豆浆一致都不错，挺浓郁的。
1,味道不错，份量够足，速度也快，态度好。
1,味道其实是大众水平，但是干净，送餐快，真的好服务
1,不错，口味很好！
1,煎饼不适合外卖，时间稍长就软塌了，
1,比别家鸡排小
1,多次买了，很好
1,整体都很不错
1,小炒肉太辣，其它还行
1,唔，为什么要滴皇家煎饼，却给滴薄脆煎饼哇。。。不应该是夹油条嘛，伤心
1,很好吃，很快
1,小炒肉卷饼好辣~
1,太好吃了！…送到也超快！！
1,非常准时！！！鸡肉的很好吃
1,很不错的~
1,感觉口味偏甜
1,点了个鸡柳蔬菜煎饼套餐，包括一个煎饼，一碗豆腐脑，一杯豆浆
1,"速度快,性价比超高"
1,挺好的哟。
1,还不错的，很快。
1,不错，就是豆浆橙汁都不好喝
1,不错，就是橙汁都不好喝
1,速度略慢了
1,北京大雨，还能提前15分钟送到，煎饼豆浆豆腐脑还是温热的，很好，很感动，会继续回购
1,不错方便好吃
1,真不错，还有活动，超值的
1,"价格太划算了,买了三个水果盒,一杯豆浆,两个煎饼,才?28。食物好吃干净,水果新鲜,葡萄粒粒饱满结实,桂圆大粒,煎饼飘香。,这么大雨,大暴雨啊,真的很感动,谢谢送餐大哥,您辛苦了！！！"
1,煎饼是我吃过的最好吃的煎饼，大个，重要的是没有一点没糊，油条非常低油，感觉很健康，味道也很好。抄手很够味，但调料稍微偏咸。豆腐脑很赞！很实，卤汁很解渴。椒盐双菇也不错。
1,小哥很不容易呀，其实时间还好，还一个劲说不好意思来晚了。大热天不容易，包装菜品也好，一如既往，真的干净。
1,豆浆没有送，希望下次检查好再派送
1,还不错，送的很及时，煎饼不错，豆腐脑能加个醋包，辣椒神马的就完美了
1,好吃量大吃不完
1,超级好吃！又快！！
1,中国版肉卷，赞
1,味道不错，很实惠
1,太实惠了，吃到撑啊！
1,好吃又实惠，感谢快递员哥哥，
1,煎饼还是得现做现吃，豆腐脑非常好吃！
1,鸡柳蔬菜煎饼味道真心不错！就是配送时间太久啦！
1,"很不错,很好吃"
1,挺好吃的额，继续加油I(^ω^)J
1,还是不错的
1,送餐很给力！上次点餐留言说可乐换豆浆，谁料这次竟记住了这事！不得不再赞一次！同时看到有人抱怨送餐速度的问题，作为一个旁观者而言，我只想说，送餐员不是宇航员，电动车不是火箭，你住在火星非要享受住地球人的用餐待遇，怎么可能？我之所以选这家，首要原因是近，万万没想到，从此停不下来了！竟爱上了这个味！
1,好吃好吃好吃送餐还快！
1,味道不错，要是没有优惠，就太不值当了
1,"划算,优惠过的价格才对得起煎饼果子,味道也还行"
1,第一次用这种玩意，感觉羊都已经被薅秃了
1,好吃快捷！
1,味道挺好的，南瓜羹量太少
1,凉面有些油
1,比较好，非常准时
1,豆腐脑不够嫩但是煎饼和炸蘑菇很好吃…没吃够…
1,好吃，干净，包装绝对一流，好，，还便宜，。
1,挺好吃的，满意，速度真快
1,速度快，优惠大，味道佳
1,口味质量俱佳，送餐小伙很不错
1,我订的鸡丝面没给送筷子
1,好吃，豆腐脑的盒子改良后比原来好多了！
1,习惯好评，味道对我来说，很一般，豆腐脑太淡了，煎饼明明要的是薄脆的，结果送来的还是油条的，哎
1,给同事订的，还行吧
1,酱有点儿多了
1,"送餐很快,煎饼还热气腾腾"
1,送达晚了些，但是送了一瓶饮料，心情舒缓了些，好评
1,送货小伙服务很好，送到公司里，小伙很帅！
1,价格给力！
1,非常好，越来越好
1,不错，菜品选择再多一些就好了
1,很好吃，百度外卖很实惠
1,很好很好很好
1,师傅很耐心！等了我好久！~\(RQ)/~
1,这次送餐很快
1,味道不错啊！
1,比起煎饼，红油抄手味道棒棒的，就是18一份，抄手能多一点就好啦
1,煎饼很给力
1,我以为付款那个留言备注就是摆摆样子呢，即使不摆样子，餐厅备菜人员也不会在意！于是在备注栏里颤颤巍巍地提了自己不喝可乐，已经存了好几杯黄太吉的软软了，不知道软软能否换成豆浆？确认，发送！结果，果真见证奇迹的时刻发生了！是豆浆，没错的！送来的是豆浆！以至于我激动得忍着饿冒着随时饿昏的危险非要在吃前来评论！
1,评得我都词穷了！买买买！
1,挺好的，很方便。
1,很给力！便宜又好吃
1,很给力！便宜好吃
1,很给力！价格便宜，好吃！
1,味道不错，薄脆很脆～
1,跟在店里吃的一样，而且面、料、菜、汤，都是分开装的，很专业，不错哦~~~当然，要是没有运费就更好啦
1,非常满意！量足味儿好！
1,不脆了可惜
1,多次购买！赞
1,"不错,好吃"
1,非常好，送得及时
1,干净卫生送货快
1,套餐就够一个人吃了，点多了
1,味道还行~豆腐脑的卤淀粉可能多了
1,吃了好几次，很好吃
1,这次送餐时间超快！
1,很值啊！用来订，味道好吃不腻。
1,好吃还有优惠
1,真好吃!!
1,非常好，特别快，感谢送餐小哥
1,猪蹄再烂些就完美了，手套很贴心
1,送餐员的态度真的特别特别好！而且这次速度特别快，煎饼的味道就更不用说了
1,速度快，味道还
1,很好吃，量又大！
1,鸡柳里面的酱吃到后面有点腻
1,优惠很大，味道不错。
1,两份一起下的单，结果第一份10分钟就到了，第二份多等了半个多小时，还是打黄太极客服催了之后才配送的…饿shi了
1,"其它都挺好,就是鸡柳煎饼太难吃了,太重口味了,吃完直恶心"
1,煎饼很好吃！送餐很快！
1,一如既往地好吃
1,好好，不错
1,送餐很快，菜品不错。
1,一个煎饼和一小碗南瓜粥30多真有点贵
1,真是傻缺的一个卖家
1,好吃，小哥每次都给爬楼梯，很赞
1,"稍微慢了一点,总体还是不错"
1,好吃极了，这次送的还比较快。
1,希望速度能快些
1,送餐早一点就好了。
1,肉松送成鸡柳了，赚到了
1,挺好的，就是煎饼吃到尾端都成糊状了。
1,"很好,只不过吃完拉肚子了"
1,很好吃，经常订
1,煎饼果子，吉不可耐！吃吃吃！太像广告了吗？
1,每次都棒哒哒的！超赞！
1,送餐太慢了！！！！！
1,不错，经常吃
1,催了一次单，商家送了一个可乐和水果盒东西非常好，快递员态度也好
1,送餐非常快，味道也很好吃，薏米水有味道不甜不淡，夏天多喝除湿，正好～
1,豆腐脑淡了
1,第一次吃！很不错！
1,第一次尝试，味道还不错
1,就是煎饼已经软了
1,挺好的，不错
1,薏米水太甜
1,好吃又不贵，就是送的慢
1,喜欢这个味
1,喜欢吃皇太吉的煎饼
1,特别快，服务菜品都不错
1,很好吃，定了好几次了
1,没有及第好吃，话说也太慢了，等了快俩小时。
1,煎饼不脆了，凉面和煎饼放一起了变热的了
1,好吃又便宜，真的真的很好吃。
1,送餐很快，满意！
1,好吃，这个评价够了吗
1,还好吧，在家能吃到爱吃的早点，比较卫生，就是时间长了些，味道不那么好了，不过店家多送了一杯豆浆
1,"我感觉还不错哦,干净,卫生,就是那个双蘑菇量也有点太少了吧,就一小碗,不过好吃是真的,下次还会继续订,嘎嘎~"
1,"早有耳闻,,结果配送太晚了真是黄太急了，味道还是不错的"
1,鸡丝凉面太油了，豆腐脑超级好！一小时二十分钟送来
1,挺好吃的，就是慢了点，煎饼不脆了
1,"很好,配送员也很好"
1,再加点菜啥的就更好了
1,外卖的饼有点软了，不过送餐还是比较准时的，一般都在30到50分钟之间就能送到，今天的豆浆没有糊味，赞一个！
1,红油抄手不错
1,豆浆撒的有点儿严重……
1,"可乐撒了快一半了,谢谢"
1,好吃，就是送的太快了，没有按照预订的时间送达
1,送的非常快，量足，吃的很饱，灰常不错！
1,"菜品味道好,配送员态度好"
1,和传说中的一样，就是分店少了点，多开些分店，好在北京大部分地方都能吃到。
1,今天第一次吃黄太吉的煎饼，不得不说，黄太吉的煎饼确实很好吃，让人回味无穷，你吃过一次就知道知道我说的了，而且店家很用心，服务很好的，下次还想吃！
1,特别好，没有之一
1,不错，挺准时
1,除了南瓜羹有点酸，其它都挺好的，还会再点的，除了南瓜羹。
1,薏米水也很赞
1,用大众点评直接订餐50多块，说无法送餐，退款，用百度外卖优惠完29块就送到家了，我啥也不说了，开心啊！
1,没有在店里好吃
1,送的太快了
1,味道不错，服务挺好
1,感觉酱味不太适合老北京人
1,"等两个小时多,差点没饿死"
1,酸梅汤是小时候的味道
1,很好吃的煎饼
1,"系统bug，我把地址修改了，配送员收到的地址还是原来的，幸亏黄太吉送餐小哥辛苦又给送过来，赞一个！,餐很不错，豆腐脑很好吃！"
1,一般，煎饼更适合现做现吃吧
1,太好了！！！
1,虽然等了一个多小时，但确实因为天气热，外卖小哥送不过来，辛苦辛苦，好评
1,外卖员不送上来，店员亲子送上来，十分感谢
1,食物很干净，吃着放心
1,小菜很好吃。
1,味道还是很好，会继续使用
1,没有第一次吃的好吃
1,恩还不错，就是订餐的时候系统匹配错误。打电话调节了一下，从新下单才订上
1,味道依旧很好！这次速度
1,味道不错，好吃
1,这订餐我也是醉了，这回来的太早了，还没午休呢就到了，
1,好吃、好吃。
1,味道很好，送餐快
1,一直喜欢一直很满意
1,豆腐脑很好喝，煎饼果子也不错，网上订餐超级便宜
1,今天的土豆丝卷太酸了，以后不敢再点了
1,煎饼非常好吃，个头大，点了两，一个就吃饱了，麻辣鸡丝凉面一般，也许是个人口味问题吧。
1,"不错,很值"
1,肉松的相对好吃一点
1,特别合适，好吃
1,煎饼里沙拉酱太多了，J咸J咸的……
1,好，便宜，快
1,豆瓣酱太多了吧，好咸
1,煎饼挺好的，就是龙抄手真心太少了，而且一碗要大十几块钱，有点不值。
1,送餐很快，小菜很好吃
1,不错不错不错
1,比上次强太多了，一直在进步
1,口味不错，值得推荐。
1,煎饼送到不脆了，鸡丝凉面味道还成，就是面太少
1,过节果然不一样，忒快了！建议豆腐脑换成小的沙拉更好了
1,送餐少送了一份，打了电话又送一次，还赠送了果醋和粽子，没多少钱的东西让人家跑了两趟也挺不好意思！
1,端午节还送粽子。业界良心啊！很棒
1,很贴心的包装，食物也很美味，谢谢
1,送的有点慢，不过师傅很辛苦给5分吧
1,东西还是很好吃的，要是速度快点就无敌了
1,好吃，送餐还快
1,南瓜羹不错
1,非常好吃，量足，价格也比较合适.服务也很好!
1,"小清新的饮料太甜了,很不正常那种甜"
1,"挺不错的,味道好,也干净"
1,在SOHO500米外的融科望京苦等三小时之后终于等到了！！！
1,超级好吃，由于上一单送餐员走错路还送了个小果盘，喜欢
1,所有菜品偏甜，但口感还不错，值得推荐
1,"除了慢,其他ok"
1,少送了一份南瓜羹，不过后来很快补送了，超爱
1,很有创意的煎饼
1,好大一个煎饼
1,还可以吧。不过最好可以有个标签标明是哪种煎饼，不然不容易分别出来！
1,味道不错，肉松的稍微油点，土豆丝卷还可以，加强送餐
1,除了抄手的汤和饮料撒的一塌糊涂吧
1,"哈哈哈,好吃"
1,"收到煎饼余温都没有,都塌了,真是不能再慢了"
1,要是快点就好了
1,靠谱的一家
1,味道都很好，就是终于饭点送餐慢
1,好吃，送餐员很尽职。
1,豆浆挺好的
1,好吃！终于让我吃上了！
1,"送餐小哥特别可爱,小跑着就把煎饼送来了,还一直说抱歉,送晚了,上次送错的这次也补上了,豆腐脑好吃,煎饼还是脆的好吃,其他的都不是北京的口味"
1,煎饼好吃！！！
1,冒雨送餐，感谢！
1,"有点慢,别的没什么"
1,"味道不错,难得的煎饼果子"
1,整体来说不错
1,不错，还会购买。
1,希望下次尽量按时送，不要太早了
1,总体来说还不错，就是煎饼时间长了有点软，没那么好吃了
1,好吃得不行！
1,味道很好啊
1,不错，吃一个就很饱
1,今天比平时慢了
1,时间准。不错。儿子很喜欢。
1,"哎呀,超喜欢,都好吃,期待能有更多新品,更多选择"
1,嗯，口味可以，实惠
1,挺实惠的，吃撑了
1,好，爱吃夹油条的煎饼果子
1,"蘑菇和南瓜太少了,薄脆煎饼一个不够吃"
1,稍微有点晚
1,煎饼很好吃~
1,煎饼口味偏淡，有点干，可以改进一下
1,可能中午点单人多，等的有点久
1,酱再多点薄脆蓬点就好了
1,点了三种煎饼觉得都好吃，鸡柳的里面有菜有沙拉酱。送餐时间45分钟。
1,"非常好,下次还来订"
1,拌面真心好吃，煎饼口味有点吃不惯
1,煎饼真唑实，一个就撑。吃的拉面煎饼
1,又快又hao
1,忘记给勺子了，豆腐脑没吃成
1,久仰大名，到望京了，我觉得打折过后非常不错
1,藕盒不错，就是有点凉了；卷饼一般
1,很不e，吃^的最好的煎
1,红油抄手贵，但味道确实不错
1,味道不错，价格合理，很好吃
1,"推荐,真的很好吃哦"
1,超级好吃哦
1,很不错，豆腐脑好喝，油条煎饼好吃，豆浆还备了糖，周到
1,好吃好吃.顶顶
1,"量太大了,还算准时,喜欢黄太吉"
1,美味，及时送达，好评！
1,太好吃了！正宗煎饼！
1,很好吃的煎饼！薄脆很脆～油条也不是很油！推荐～肉松的也很好吃！
1,不错…还挺快…还吃
1,豆腐脑很淡，不太喜欢，猪蹄不错！
1,"送货的小哥服务态度特别好,煎饼真的很好吃,豆腐脑一般,赞赞赞"
1,"送错了,很积极的更换了好评"
1,特别好特别好特别好
1,还是有点吃不惯肉松煎饼，不过还是很好的
1,黄太吉一如既往的好吃，还得点近的地方
1,送货快～一直听说黄太吉～终于品尝了～很好吃
1,味道好，就是忘给我餐具和纸巾了，豆腐脑没法用筷子吃呀
1,棒，是不是考虑办个会员卡呢
1,每次送餐过来都能少点什么，不是少纸巾就是没吸管。
1,这次不错，赞一个
1,"味道很不错,传统风味"
1,"煎饼好吃,外卖速度快"
1,好快！！！味道不错
1,还是可圈可点的
1,"好实惠,都吃不完了"
1,味道不错，煎饼很好吃，比早点摊卖的好吃多了，豆腐脑也很好，量很很大，其实一个煎饼一碗豆腐脑就够吃了，可乐和炸藕盒可以当下午加餐
1,凉面送来的时候有些软～但还是很好吃
1,便宜实惠量足好吃！
1,煎饼还行，红油抄手好多油啊…
1,挺好，掌握订餐的时间点还是很快的。
1,"特别棒,好吃"
1,要的微辣，但是鳇I超辣
1,"及地很好吃,很特别,微辣"
1,看评论还担心特别晚才能送到，还特意打了客服电话询问，结果半小时就送来了，薄脆还是脆的。味道也不错，就是酱略咸。
1,真心好吃！！
1,各种好^_^
1,早了，我不方便。然后让我等
1,味道不错，配送时间有点长
1,送餐的大叔非常好
1,东西好吃，包装也仔细，送餐很快！
1,"之前不知道为什么取消我订单两次,这次打电话说80分钟能送到,问我能接受么,想吃煎饼就同意了,最后60分钟送到的,味道还行,送来的时候,薄脆还比较脆,就是煎饼里放了辣酱,稍微有点儿辣"
1,略慢，不过很好吃，五星好评，点个赞。
1,服务很到位，土豆丝卷很好吃，中午订不了粥可惜
1,时间有点久，不过总体都还好
1,虽然小贵了些，但东东不错
1,送来的时间还是能接受的，菜品也都保存的很好
1,挺满意的，可乐特意用胶带封口，没有洒出来很多，豆腐脑和煎饼我觉得味道都不错
1,味道很不错，还送湿纸巾，很细致。点赞。
1,价格略贵，豆浆太少
1,味道不错，送餐稍慢
1,煎饼里面的油条很好吃，但是薄脆送到家肯定没有现场吃好吃，捂一会儿不太脆了。外卖还是里面放油条的更好
1,味道不错呦
1,口感不错，很好
1,非常棒，就是这送餐费略贵。这么近
1,味道很好，分量足，好好吃
1,味道不错，耦盒很好吃！
1,夹油条的才是煎饼果子，口味不错，可惜没放香菜，藕盒也还不错
1,味道真的很好，送货员人也特别好，总之一切都特别满意！！！
1,味道不错(o^^o)?粥很香甜
1,"外卖人员很给力。除了蔬菜粥都好吃。,那个蔬菜粥盛的时候能不能注意点。吃到四根头发。果断给扔了"
1,送单小哥的电动车没电了，送餐时间差一分钟就超时了，希望后续不要出现类似的问题哈
1,送餐速度极快，师傅态度非常好，辛苦啦！菜的味道也非常棒，红豆薏米粥非常好喝
1,送餐师傅好棒！特别快就送过来了！吃的也不错
1,都很好吃而且送的特别快！非常感谢！
1,酸菜味道超棒，送餐速度也很快，辛苦快递师傅了！
1,生病在家点的餐，份量很大，味道也不错
1,感谢送餐小哥，态度非常好
1,真心不错哦，特别好。
1,好棒！一直支持！如果有盖饭就更完美了
1,凉拌土豆丝没有放醋哦
1,快递大哥态度很好，送餐也快。味道不错
1,好评~挺快的，粥也足量
1,送饭很快，态度很好，赞，
1,这个送饭的大哥好客气啊，我都不好意思了
1,又快又好，态度友好，下次还会用
1,还是挺快的，四十分钟吧
1,菜品好吃，味道正，量足，用料好。快递小哥效率高，服务周到，跑了两趟特意送发票，认真负责，赞一个!
1,天这么冷，送餐师傅很不容易，赞！
1,整体不错，不错，不错
1,送餐姐姐服务特别好，耐心友善，赞赞
1,配送员配送很快，粥好吃。
1,服务很好，送的很快，很有礼貌。
1,送餐速度快，师傅态度真好
1,回锅肉分量很足！很不错！
1,葱花饼好吃，一份不够吃有点。建议出大小份
1,味道好，送餐快！
1,非常好，送货的师傅特别好，谢谢
1,分量比较足，但是稍微咸了一点
1,非常不错，送餐快菜量足味道好
1,骑士太给力了，送餐快，直接到门口
1,谢谢送餐师傅，饭菜也比较可口。。。
1,不错，就是地三鲜油太大了
1,"快递师傅送的很快,给个赞"
1,很不错，加班餐定点，很好吃
1,很快，师傅很好，很快就送到了
1,非常好，送的也非常非常快
1,包子一般，肉汁少点，粥不错
1,送餐小哥神速！粥挺好，肉饼超好吃
1,速度超快。服务好，超预期。
1,大雪天，很快送到了，态度很好。百度骑士很专业！
1,很好吃，。送餐准时！！！
1,送餐很快，很热情，很好
1,"回家路上下单,到家一会儿就送到了,大晚上的,谢谢百度骑士,饭味道好,就是感觉好像放味精多了,饭店的饭都放,没办法"
1,菜量很大，味道也不错，师傅速度很快，好评～
1,口味不错，送餐小哥服务也很周到
1,送餐员太好了，跑了两个地方，辛苦了
1,"真快,味很好,也很方便"
1,"送餐奇快啊,就是手撕包菜花椒多了点"
1,"送餐速度快,味道也不错"
1,送餐速度快，送餐速度快
1,太新鲜了～热乎乎的粥把盒子烫软了、可是很美味哟！分量足
1,送餐师傅非常好！
1,百度骑士冒雨前来，送餐及时，非常感谢
1,焖面量比较小
1,疙瘩汤非常适合小朋友吃，疙瘩又多又小
1,葱花饼不好吃
1,味道不错，送餐也快
1,酱肉酱包蛮小的，不过给了五个，味道很不错，第二次订了~
1,以后再来就只点粥喝口……
1,就在家附近，以前总去吃，可是近两三个月以来菜品没有以前好吃了，大拌菜拌苦菊一类的菜总是很甜，估计是商家为了省事就放在糖水里泡着，炒菜用的油也没以前好了，我老公胃敏感，能吃出来，油不好他会胃疼的，估计价格亲民后成本太高商家就开始糊弄事儿了，现在基本不爱来这里了，宁愿绕道去上品粥面，店员服务也没以前那么好了…好的东西贵在坚持，希望商家有心能懂这些，哪怕提升价格也别降低质量，否则日久天长损失的还是自己
1,这次的粥一碗太咸啦，另一碗没放盐。。明明买的都是皮蛋粥的说
1,准时，味道也好，餐盒包装好，五星好评
1,这家的粥是我吃过最好吃的了，用料足味道也一级棒
1,"很好,速度快"
1,很好…送餐很快，菜也很好吃
1,不错不错，胃不舒服才点的粥，清爽，料足。外卖小哥服务态度也是很棒
1,粥的味道很好
1,点饺子不给拿醋
1,木有办法，喜欢吃的手撕包菜还是在店里好吃一些，放餐盒吾的一般。
1,水煮鱼不错，吃两次了
1,很好吃，粥是精品，凉菜也很好吃。
1,速度很快，不错啊
1,眉州东坡的m爆鸡丁很好吃，送餐也很快
1,速度快快快，饭菜热乎
1,很感谢赵小哥，不到半小时就送到了，这么大风的天气，很辛苦。
1,一直在梅州东坡下单，好吃呦！^_^
1,很好吃！很快！非常感谢！
1,非常好吃！送货又快！推荐
1,第一次使用百度外卖，感觉真方便，送餐速度很快，味道也很好！
1,吃过好几次了，味道挺不错的，外卖送的很快，喜欢
1,菜挺好的，就是太慢，一个多小时才到
1,骑士很好！非常负责任，所有的骑士都可以像这个骑士一样就太好了
1,送货超级迅速，服务到位，好评
1,米饭实在是硬的离谱……
1,炒饭油，咸，鸡丁也炒咸了，放在饭盒里，应该淡一些
1,很准时，还热着呢，满意
1,眉州炒饭超级咸啊京酱肉丝也超级咸，没有堂食的好
1,"很满意！送餐速度挺快的（毕竟近,马路正对面），菜量没有堂食多。"
1,大风天，骑士辛苦！好评！
1,师傅服务好送货快，性价比超高
1,服务好，速度快，专业
1,快递很棒！水煮牛肉不好
1,味道好！名店质量有保障！送餐速度也很快！
1,特别感谢快递小哥，让你久等了
1,非常快，非常好，没啥说的
1,还不错，味道有点家的感觉
1,送餐很快，味道好，两个菜一盒蛋炒饭足够俩人吃了
1,好极了好极了好极了……
1,凉拌山竹笋特别好吃。
1,服务态度很好，服务态度很好
1,"外卖速度快,饭菜依然好吃,点赞"
1,土豆丝太淡了，没有滋味
1,"坛坛东坡肘子,好辣"
1,四季豆不干，外卖很快
1,味道不错，品质依旧，不错
1,好吃！并且包装的特别好！梅州东坡棒棒嗒
1,挺好的，速度也快。凑满十个字
1,不错，不错，用百度外卖太方便啦！
1,不错，不错，家里有人住院，用百度外卖太方便啦！
1,笋确实不错，宫保鸡丁没原来好吃，不知道是换厨子了么，还是做的着急了，下回不用太着急，发挥正常水平就好
1,姜太多了，有些吃不适应。
1,饭菜质量很好，服务好。送饭速度快。
1,饭菜香质量好，服务好，送饭快。
1,"饭菜质量很好，送货速,度快，。服务好。"
1,必须给快递小哥点个赞
1,这么大的风，快递还很快，而且菜味道不错！
1,鸡丁有点儿咸没有在店面吃的好吃有甜味
1,配送快很满意就是炒饭将有太多啦
1,送餐员太辛苦了！在这么冷的天气还能准时送到，点赞
1,好极了好极了好极了。
1,今天天气很冷，送餐师傅辛苦啦
1,味道好吃，就是这配送真慢，还是给五颗星，配送人员也不容易，请下回注意
1,很快很好。谢谢。辛苦了。
1,骑士很辛苦，大冷天，服务态度很好，值得好评，菜品也不错，
1,不错，送餐及时，还会再光顾的
1,好吃，就是速度慢了点。不过没关系。送餐小哥非常有礼貌。
1,我把地址弄错了，骑士二话没说就马上给我送了过来，服务棒棒哒！给一个大大的赞
1,师傅送货很快，宫保鸡丁和川式腊味拼味道不错
1,眉州东坡的菜名不虚传！好吃！
1,准时，效率，有责任心！赞
1,泡菜有点辣，其他都不错，个人喜欢吃白菜豆腐粉丝丸子汤。
1,干煸四季豆特别好吃，豆腐太嫩！
1,速度快，菜品和堂食的质量一样。外卖的包装很用心。
1,姜蓉鸡，新菜，味道也不错。
1,"太不好意思了,让师傅大风天等我半小时，手机静音了,太抱歉了。第一次用百度外卖，很好"
1,味道不错，可惜量偏少
1,"多搞活动哦,尖椒土豆丝没有味道。"
1,送餐很及时
1,服务很好，准时送到，菜品也很好
1,非常好吃，经典，必吃！
1,感觉真不错，看包装就给人干净放心样子，量也很足，不错
1,虽然晚了点，但是天气这么冷可以理解，师傅很不容易，谢谢啦
1,速度快，质量高，很好
1,速度很快，味道也不错
1,眉洲的除了有些辣以外还是很好吃的
1,味道不错，送餐速度挺快
1,"农家小炒肉,有一点辣了。"
1,鸽子鲜嫩，味道不错，送货及时。
1,外卖小哥特别热情特别好！～
1,没有餐具哦，还要自己点餐具么
1,"配送的又准时又快速。,肘子味道好就是量太少，鸡丁一般。"
1,方便快捷，态度相当好，继续支持百度外卖！！
1,还不错，包子味道好，炒饭稍微油了点，不过能接受
1,地址写错了，6楼，爬了两次给回来的，小哥人很好
1,"第一次点你家的菜,太好吃了,尤其是鱼香肉丝。特别好吃,以后就是你家的常客了"
1,百度师傅人特别好，送餐也很快。菜品味道也不错。满意满意。
1,全部超五星！！菜品和送餐速度全都棒棒哒！！！
1,湄洲的饭菜还是比较好的
1,非常可口，油量刚刚好，美味佳肴
1,送餐小哥又帅态度又好
1,很好吃，货真价实。送货快。
1,配送太牛了最牛的配送师傅我定了30份快递师傅都想办法送来辛苦！商家也送了汤最满意的一次外卖
1,一如既往的干净好吃。
1,好评，服务好，态度好，味道也很好！
1,外送员非常迅速呀，态度也好，菜也好吃，好评！
1,准时送到，辛苦辛苦，谢谢！
1,挺快的。菜送来还是热的。
1,送货人员服务很好，迅速及时，菜品口味很好
1,很棒，除了自己和老妈做的，也就他家的饭菜让我觉得可口了
1,很好吃，送餐大姐人很好，特别准时
1,很好哦，很好很好。。。。
1,今天的丸子怎么那么难吃，哎
1,"很好,赞！"
1,送餐及时，服务热情，美味
1,宫爆鸡丁没放辣椒，简直了，也就因为家里有小朋友不能吃辣，不然就直接倒了，太难吃了
1,菜太难吃了！一次够了！再也不买了
1,送餐速度很快！就是忘了点备注的需要餐具了，以后能不能直接送餐具？
1,第一次点，不错。评价有点晚，送餐师傅服务好，速度快
1,很准时，味道不错，不过还是没有现场吃好吃……送餐师傅辛苦了！
1,送餐很快，服务周到，很赞
1,送单很快，菜也不错赞
1,不油腻，好吃。陪米饭
1,速度很快，食品也特别棒！
1,"东西不错,很好吃,配送很快！"
1,服务好速度快，100分
1,速度很快，百度骑士人也特别好！
1,今天土豆丝一般，没有之前的好吃，估计换厨师了
1,送餐员平易近人，速度快，好评！
1,超快超好！感谢感谢！
1,送餐小哥够速度！满意
1,已经点了几次了，菜的味道超级正，油也很干净~非常好
1,赞，师傅很辛苦，很好
1,外卖，师傅都一级棒。师傅还主动帮忙帮我把垃圾带下去，太贴心了。
1,菜很好吃，百度骑士辛苦了
1,速度超快！口感超赞！
1,"送的很快,大冷天,送餐员辛苦啦,喜欢湄州东坡的菜,四季豆有点少"
1,送餐小哥服务非常好(??)!
1,送餐小哥辛苦了！谢谢啦！
1,good！吃的好。骑士好。都很赞！
1,味道不错，服务不错，
1,"味道很浓郁，速度还行,就是有点油"
1,雪天赠了两碗暖暖的酸辣汤，外送员及时送到，辛苦！好吃！
1,"送的太快了,不是说好的十二点吗,人和人之间的信任呢"
1,饭很好吃，一直吃眉州东坡
1,很不错，服务很好
1,眉州就是专业阿
1,百度送货员非常快就送来了，就是商家不给筷子不太方便！
1,"师傅态度特别好,菜的味道也很好"
1,神速的百度骑士，超级好超级好超级好
1,很方便，送餐师傅辛苦了
1,特别贴心的骑士。服务超级赞
1,神速，服务态度很好。菜品味道不错。
1,快递员真快，态度好，表扬
1,今天下雪。天气寒冷。辛苦送餐员了
1,包子非常好吃，百度骑士辛苦了，大晚上的
1,包装很好，很快，就是感觉有点少。
1,"十点就定了,怕中午人多,没想到24分钟就到了,送餐员态度特别好,大冷天的辛苦啦,湄州的菜很不错"
1,菜质量很好，没有大店欺人现象
1,服务热情周到，菜品可口
1,味道依然是不错的，百度骑士很靠谱！
1,我打神速还不行，非让我凑十个字才能发
1,送餐速度快，服务热情，大拌菜不错，整体好评
1,速度快，送餐师傅很喜庆，很客气！必须满星！真棒
1,稍微晚了一点。两个菜正好我们三个人吃，米饭的量还挺大的。味道还不错，就是鱼香肉丝里姜放的太多了有点辣
1,非常好的一次外卖订餐，很及时！泡菜好吃！
1,说好的豆瓣酱哪去了，忘了吗？
1,配送人员服务态度好，菜品太美味了，还会再来，满意！
1,这个小炒肉不好吃，我吃过的他家最难吃的菜之一
1,提前订，还是挺快的！送餐师傅人很好！
1,金银馒头不适合外送，金馒头一闷都软了
1,挺好吃的，也干净，小炒肉很解馋
1,味道没的说，好吃！！！
1,很好吃，特别是很准时，量足味美，还会再买
1,"挺好吃的,和在饭店吃一样"
1,"大下雨天送来的,辛苦了"
1,炒饭配肉，有点腻
1,很好吃！送餐速度快！品质好！
1,非常好，送餐员超有礼貌
1,味道很好吃，配送也很及时，服务态度很好
1,很好吃！很满意！
1,速度稍微有点慢，菜可以的，就是金银馒头为啥不配炼乳啊！搞得自己弄了碟蜂蜜
1,好服务，好菜品，非常好！就是一荤一素里面的蔬菜比期望的少一点，另外，送餐费太高、能否降一降
1,还有垫纸，非常贴心。
1,精致，味道不错！就是价格也高量小
1,味道很好！速度也够快！
1,觉得很好，味道不会很重很油腻，肯定不是地沟油。
1,水煮牛肉肉好少，粽子好小
1,小贵，好吃
1,速度很快，送了蘸酱，但是上次电话订餐没有送。孩子喜欢吃马盏糕和小笼包
1,大牌就是靠谱!
1,太好吃了，好吃哭了，太感动了。色香味俱全，爸妈很喜欢。
1,好吃，就是牛蛙太少了
1,比预计的快，菜品质量跟大堂的没太大差别。
1,眉州东坡，真心不错
1,送餐快，不错
1,送餐快，我觉得挺好
1,"味道很正，很好吃！！不油腻，棒！！,服务也非常好！"
1,吃的很饱！一分价钱一分货
1,一直订眉州东坡的外卖，很满意，特别是外送小哥，还帮我把门口的垃圾拿出去到垃圾桶，真得赞一个。
1,很棒，也很快，快递小哥很有礼貌
1,味道好速度快包装严
1,这次稍有点慢。
1,服务非常好，菜品也好吃！
1,很好吃，密封紧密
1,总体很好，不过满百送的可乐呢？怎么没见到？
1,取消订单了。
1,"味道很好,一大份,两三个人吃都够吃"
1,外卖小哥服务很好，送餐态度很赞，但是，忘了给我送的可乐了，另外，米饭量很大
1,味道一如既往的好，说好的微辣呢，感觉比普通还辣，但盖不过眉州的美味，好评
1,送的还比较快?就是味道没有在店里吃起来好吃?总体不错
1,味道很好，送餐速度也靠谱！
1,菜很好吃啊，速度很快啊，饭给很多啊，就是忘了送可乐了。一定是太忙，呵呵，没关系了。
1,速度很快，就是他家菜量太小了
1,眉州东坡的菜品自然是没话说的。
1,"味道很好，送餐很快，送餐员冒着大雨给送来的，太感谢了,。价格也不高超划算，下次还在这点外卖,。各种五星好评,。"
1,服务态度很好，还帮忙将垃圾带下楼，谢谢那位先生
1,很喜欢这家口味
1,好吃。一直爱吃他们家的菜
1,饭菜很好吃
1,定的汤圆一份就俩个，相当无奈！
1,特别好，送外卖的大哥服务也特别好！好吃！
1,"送餐的速度超快,传统地道冒血旺味道正宗,吃的过瘾"
1,"多收了2块钱,不知道为什么？"
1,服务特别好，包装也特别好！
1,这次订单为啥有上次订单的备注消息？
1,送餐小伙子可贴心了，还帮我妈把垃圾随手带下楼了，超级赞！
1,油稍微大点。总体还是不错的
1,味道很好，离得不算近送来还是热的（茄子甚至还是烫的呢！）~马盏糕和冻糕萌萌哒~
1,都非常好，就是派送费有点贵！
1,炒饭略咸了，味道还是不错的，银耳汤还是那么好喝
1,挺好的也挺快，味道不错！送餐小伙态度极好！
1,"有点儿慢阿,八点了才来"
1,菜还行，送餐的路不熟，一个小时才到
1,提前送到了，赞一个。味道同堂食基本上一样。
1,快递员的服务态度特别好，还主动问有没有垃圾帮您带下去。真心不错。
1,送餐很快！服务不错！
1,非常好吃，味道好极了！！
1,太贵了，八个饺子大小的包子，几口就没了。
1,送到还是温的，这大冷天，辛苦骑士了!
1,送货很快，汤包好吃。
1,经常买，汤包很好吃，蒸饺也不错。
1,"特别感谢,天这么冷…………"
1,神速度！太赞了啊！！
1,"速度很快,态度很好！赞！"
1,服务真的太棒了！万分感谢快递员
1,"还不错,挺好,下次还点"
1,送的特别快，味道棒棒哒
1,快递大哥很负责任，相当棒
1,"骑士态度很好啊,小笼包也很不错"
1,快递小哥人又专业又好！快到了提前通知，电话很有礼貌很耐心，而且按时送到了
1,好吃，下次还会在吃的
1,小笼包挺好吃的，甜香，拌面也还可以，整体不错~
1,包子味美，孩子很喜欢。
1,骑士服务很好，商品质量也可。
1,好吃！送得很快！不错
1,挺好吃的送的也比较快
1,骑士速度超快！太赞了
1,第二次搞错了订单，我要的葱油面又被换成了小笼包，结果吃了两份小笼包撑死
1,"不止一次啦,很好哦,爸爸很喜欢呢"
1,第一次，感觉不错，孩子爱吃。
1,葱油拌面比较好吃，不过每次送过来都有点儿陀了，影响口感
1,"盛包子的饭盒太小了,而且下次要铺上什么以防包子粘饭盒底,汤包全漏了"
1,送到有点晚。虽然没有超过赔付时间，但超过了预计到达时间。不过雾霾锁京，还是要谢谢送餐师傅的辛苦付出
1,汤包味道尚可，可惜全都漏了。
1,菜品味道还都不错，快递也很快！
1,非常好速度很快服务态度很好味道超好超赞云吞有点贵汤包便宜又好吃下次还来
1,送货速度挺快的
1,外卖小哥速度很快，态度好，东西也好吃，赞
1,味道很赞，到家是热滴
1,我是吃完了饭来评价的！好像完了！1点10分就送到了！非常快！
1,味道很好又订的挺好吃
1,很贴心，汤和馄饨分开装了
1,送餐送错了，送来三种不同口味总计19个小笼包，也是醉了
1,很好吃，味道不错，谢谢
1,"汤包还是挺好吃的,再次订了"
1,"雾霾天气,还下雨了,非常快,辛苦啦"
1,"非常快,超级方便,辛苦啦"
1,"味道很好,皮薄有汤汁"
1,送的很及时，好评。。
1,味道还不错，就是份量太小啦！
1,很快，服务很好，非常方便，好吃
1,发票为什么少了30元
1,就是量特别少，味道一般吧。
1,送餐快递很给力，饭菜都热着呢，鲜肉小笼包和红烧肉都不错
1,配送超级到位，配送员认真负责
1,快！好！牛！
1,配送员特别好！很快！感谢配送员
1,"百度骑士很敬业,给100个赞"
1,"服务很好,很到位"
1,小笼包不错，下回还会点
1,送来的有点儿晚了，面条有点儿陀，不过味道真的不错，赞一个！外送小哥态度也很好！
1,"奶茶虽然有点洒,但送餐小哥速度很快,面也不错,给个好评吧"
1,配送速度很快，东西也好吃。
1,只想说这个配送速度简直吊炸天
1,菜肉馄饨和汤分别包装，这一点很赞！
1,服务很好，也很快，食物热热的
1,"运输速度快得不行,不满10个字"
1,谢谢师傅～送餐很快～辛苦您了～
1,灌汤包很好吃的，不错啦。
1,速度挺快的！点赞，继续加油？
1,速度挺快的。包子挺好吃，凉菜量太少！
1,快递师傅人超好，汤也好喝，送的快
1,速度非常快，很好！就是打包的面怎么都会有点坨
1,味道很好，就是面没有拌均匀，坨了。
1,外卖小哥和店家都很好
1,咸水鸭太少味道一般！
1,蔬菜稍微有点咸。。。。。
1,午餐高峰时段速度很快！
1,配送速度很快，配送员服务很好，包子一如既往的好，下次还会光顾
1,不错，好吃不贵，送餐速度快
1,特别特别好，外面马上就要下雨，小哥快马加鞭的来了～～神速～^_^
1,"送餐员很好,多给钱,还跑回来,给我了,很诚实"
1,谢谢咯，辛苦了。
1,很好吃，速度也快，小笼包汤汁很多，味道不错
1,很好吃，大家吃了后都找实体店去吃了
1,一直很满意，尤其是配送服务
1,快递师傅很快送到，辛苦啦。
1,很好很强大，速度快，吃的还很热乎，赞！
1,快递阿姨很好，速度快！
1,"送餐速度很快,糖醋小排很小一盒,云吞很大一盒"
1,服务态度好，送餐速度快，非常好～
1,肥肠粉味道不错，就是分量有点少
1,非常好，谢谢外送员
1,配送小哥超级棒！
1,原来一直用的百度糯米下单没评价功能，今天下了个专用客户端，把评价补上。这个确实不咋好吃
1,南京盐水鸭不错，鲜肉小笼汤包皮薄很好。
1,盐水鸭份量越来越少
1,太棒了，速度快，优惠也大！
1,忘说拿蘸料了，下次我得备注
1,很准时，菜品不错
1,"配送员很好,包子也可以"
1,很好很满意！
1,送餐小哥很细心
1,北菇滑鸡饭稍微有些咸
1,很喜欢的美食！
1,送餐的人非常好，特意打电话提醒我们有优惠
1,特别好，很礼貌的外卖小哥，赞
1,送餐员很棒很准时，谢谢！
1,很好吃，送餐及时！
1,味道真正好！送餐又快，以后常来！
1,送餐员，热情，服务好！
1,外卖的米粉量有点小
1,送餐员很好。
1,"很好吃,味道非常棒,送餐很迅速,态度很好"
1,有点慢，因为是现蒸的，着急的就别催了
1,送得特别特别快！嗖一下出现在我面前，哈哈
1,配送员很棒！
1,下次还点！
1,东西很好吃，送餐速度也非常快，只是窝蛋牛肉饭上边写带汤，可是没给~~不知道是不是忘记了~
1,相当好，味道正宗，送餐快，下次再来！
1,辣酱面好呲，好吃
1,赞，这次送的特快，小哥辛苦
1,还行吧，就是木瓜炖银耳太少了，还没有汤
1,汤包好吃！送得也快，天气很热，送餐员辛苦了！
1,很好，见过最负责配送！
1,还可以。拌面有点干，油多了。
1,"好~,小笼包也不错~"
1,小哥弄洒了奶茶，不过哈哈哈我并没有生气啦，只是故意调戏下～面辣辣的好吃～奶茶太甜了…
1,送餐速度快~只是食物比之前的量少了
1,奥尔良烤翅中直接是夹生的，完全没法吃的节奏??其他很赞。强烈推荐芝士土豆球和五花肉石锅拌饭！
1,赞，不过泡菜五花肉略辣了些，个人口味问题。
1,感觉味道没有去实体店好吃
1,速度超级快，我吃完才确认送达的。味道也很好，份量很足。
1,送餐迅速，味道好。
1,送餐很快，量足，很好吃，方便，个别菜不是很热，联系送餐时再现做。
1,三明治的沙拉酱不太好吃
1,速度很快，味道稍咸了一点。水果沙拉不错
1,还好，没有什么油水.。。。
1,就是很好～～～～
1,牛肉汉堡超级棒
1,很好吃的饭跟芝士土豆球。就是速度有点慢。
1,"很好吃,特别快就到了"
1,挺好吃的，还给了我4瓶饮料
1,"给了两袋辣椒酱好开森,但是勺子断了,太不抗用了,虽然我也没怎么期待吧"
1,"外卖小哥,大赞"
1,汤洒了些，量不错不过洒了弄得袋子有些脏。鸡蛋非常好吃！
1,很快，味道也可以
1,黑椒味道很足
1,一个人吃量有点大，希望有小份的
1,"速度很快，味道不错,，送餐小哥态度也不错~"
1,送餐很快很好吃
1,挺好的，不过麻烦包装的严密点，漏汤真的很烦人
1,就是送餐很难，着急的童鞋慎重
1,又快又好吃……还便宜还送沙拉……
1,"刚下那个单就给你打电话了,你一分钟就给我做出来了？平时定的时候你怎么没那么快啊,这回顶个单你这么快埋怨我"
1,还可以，送的时间算快的了，半小时吧～
1,非常好吃的，就是今天慢了点儿，
1,有点偏淡～
1,很好哦，不要米饭给送了沙拉，谢谢
1,不能再赞了，我由于饿了让提前送了，居然20分钟就送来了，而且服务态度很好，送餐的打大叔态度也很好。重要的是食物好吃，我非常喜欢。好评全5分
1,还不错，就是米饭有点水…
1,味道挺好的，就是鸡肉比较少～
1,年糕好辣，不是微辣，果汁是苹果汁，送过来的没有石榴汁，好像快过期了，沙拉怎么好多水
1,"很好,很方便"
1,东西不错，就是慢点
1,"实惠,送餐快"
1,鱿鱼炒饭比鱿鱼石锅拌饭好吃
1,泡菜特别棒，大赞！
1,还可以、分量也足、但是有点软了
1,"很方便,离学校很近"
1,"离学校近,很方便"
1,蘑菇给的分量挺足的这次
1,很好～很方便
1,好吃，划算
1,味道不错，配菜有黄瓜、萝卜、蘑菇，
1,好吃~送到北中医才十几分钟~\(RQ)/~
1,棒棒哒！以后还会来滴～～～
1,一定要及时吃啊
1,挺好，就是薯蓉太干了
1,杂酱面量很大，味道不错，就是油太大。吃完很腻，藕丁很爽口
1,味道很不错，就是油很大，吃的有点腻！
1,前几天点的卤肉饭要是单卖里面的泡菜就更好了
1,很好吃，送餐速度也很快。
1,都不错，宝贝很爱吃，快递小哥辛苦了。
1,买多了，肉夹馍没吃，好大一碗面
1,很好！送餐员也很棒！
1,味道还可以，速度一般。
1,"已入肚(?>ω<*?)，都挺好吃的，不过重庆杂面酱有点咸了，感觉至少在少放上一勺盐才能接受。味道倒是不错。,日常:小哥辛苦了。"
1,因为我手机信号问题送餐员没联系上，于是我联系了店家，店家很nice帮联系了客服，之后送餐员就马上送到啦~面还是很热的~店家和送餐员赞(*￣￣)y
1,配送服务很好。味道很正。
1,谢谢快递师傅，辛苦啦
1,送的很快的态度很好食物也好
1,够爽，好吃，一个人吃有点多
1,好吃，小贵。比附近另一家对我口味
1,"送餐很快,大哥说汤洒了一点儿,我觉得态度还是很好的,不介意。他家这抄手一如既往的好啊"
1,送餐及时，味道不错～～优惠了好多～
1,味儿很正！也准时！赞一个！
1,"卤肉饭不要这么好吃好吗！！！分开放我很喜欢,盒子也很大,配菜真心很全面,酸萝卜胡萝卜紫菜花,泡脚。凉粉不是很辣,以后就翻你家牌牌了,哈哈哈"
1,送餐员态度很好，效率高
1,"很好,很实惠"
1,配送员很好
1,抄手很难吃，慎点，巧手大拌菜推荐，真的不错
1,不错，就是餐盒贵
1,火烧夹肉好咸啊！没法吃。其他还行
1,"味道不错,配送速度比预计快"
0,菜品质量好，味道好，就是百度的问题，总是用运力原因来解释，我也不懂这是什么原因，晚了三个小时呵呵厉害吧！反正订了就退不了，只能干等……
0,分量还可以……就是有点没特色……下回不吃啦
0,没什么味道，送来的晚凉了
0,送餐送错，还狡辩不给补偿，送餐时间3个小时，百度送餐员更是素质卑劣，额外还要加收17元的外送费。百度客服也没用，也没有解决！
0,完全不值得信任，出尔反而
0,最差餐厅，没有之一
0,感觉不太好吃，价格贵。但是百度外卖的送餐人员态度很好！
0,没发票，乱收费，订单没到就被完成了
0,量很大，但是味道真的一般。等了一个多小时才送到，达到了超时赔付的时间，感觉百度超时赔付就是个摆设
0,头一天看同事点的三份菜就一大盆，今天点了四份菜才一小碗……差太大吧，辣椒花椒太多，非常油腻……
0,点了200多块吧，整份鱿鱼卷只有3个，土豆片没见到，丝瓜没见到，总之整份比平时半份还少，不建议一次点很多，三种菜品和十几种菜品都是同规格的打包盒，不会再点了。
0,"特别写了酱油炒饭不加蛋了,结果还是加蛋了"
0,每次叮嘱别放姜，回回都不当个事
0,"饭菜量很少,价位偏高,关键是不能及时开发票,让人很无语"
0,明明点的是土豆红烧肉盖饭送来的却是土豆牛肉盖饭，是店家太忙还是认不清字啊！两个盖饭也不是一个价格多收了我4元钱。
0,不好吃，不像厨师做的，连家常菜不如
0,.炒菜都不放盐的？咖喱炒饭没吃就扔了！太失望，差
0,挺不错的、不过有点辣
0,完全送错，没有一个菜是一样的，我也真是服了。送餐员在还没有送到的情况下就确认完成，这都是怎么找的人啊
0,今天送的很快，快递员态度好，味道很好
0,送餐太慢，每次都超时，商家都在催促
0,肉臭了，态度还十分恶劣，必须差评
0,肉臭了，态度还十分恶劣，不处理，不要再定这家了
0,价格太高，菜量太少
0,"1.菜量比以往少太多了！！！,2.发票少开十几块钱。,真差劲，以后不定这家了！"
0,餐厅不给送餐，付完款了告诉没看见，再说不认识地址，明明过马路就到，协商后还是不给送，服务差，最后是百度物流送的餐
0,等了2个小时，送餐员找不到餐厅，菜等得都凉了。希望改进。
0,差一个菜没送
0,点了两份米饭放在两个餐盒里，但都是装了不到一半，我点的锅仔鱼籽豆腐，不是盖饭！！菜量比之前的少太多了，不知道怎么是换厨子了还是换老板了，比第一次点的差太多了
0,送餐快点就更好了
0,等了一个多小时，饮料盖子都破了
0,非常慢，其中催单也没人理会
0,"原味奶茶没加椰果,而且上面的封模破了"
0,点的岩盐芝士可可和奥利奥奶茶，送来的两个全错了！
0,"没给吸管,怎么喝奶茶"
0,为什么不给管儿？？？？撕开纸喝？？？？
0,包装太差。全洒了。送到只剩四分之一不到。
0,我要投诉。奶茶里有虫子
0,太差了，曲奇奶茶味道很怪，像粉泡的，大满贯根本没有几粒东西，珍珠奶茶也不好喝。
0,一杯送来都漏了
0,第一次送来，龙利鱼送错了，点的葱香的，送成酸汤的了，给饭店打电话，那女的没等说完就给我挂了，再打过去，说做完让我去取，她没事儿吧，这种人赶紧开了吧，留着是祸害
0,之前都两盒，这次就给装一盒。还不多，差评。快递小哥辛苦
0,恶心没rou
0,"点了宽粉,但是没放,点的饭里面没有米饭,另外加了六块"
0,菜品很一般哦，只能凑合
0,味道非常一般，，，，
0,你的肉末酸豆角里面怎么没有一丁点儿肉？？
0,餐盒好看，菜量也多，但是吃完后下午反胃，应该不会再订了
0,严重怀疑食物的质量！居然有烟头
0,配送竟然没经过我同意让别人代收了，我不知道，导致我收到饭比预定时间晚了一个多小时。饭的味道还可以，只是凉了
0,"糟糕,继续努力吧"
0,不好吃。有点甜。
0,真没有品味多的好吃。
0,我要的是排骨饭，结果送的是鸡肉饭
0,下雨天，配送慢，可以理解，商家为什么不接电话！
0,送餐的没手机，米饭全是黑斑，也不知道什么东西。鸡翅炸的跟碳是的，只剩下黄焖鸡可以吃了，以后再也不会点单，更逗的点的百度外卖送来的却是饿了么，拼单子吗。晕
0,快递很不错。饭没啥味道！！太淡了！！
0,说好的是鸡蛋，结果送过来的是香肠！而且都是冷的！！！严重差评，也就1公里不到的距离，送了那么久。。。
0,第二次订这家的饭，但明显和上次不一样。上次订的很好吃，但这次像剩饭，包装上的地址也不对。
0,"店里送错了餐,给店里打电话,话还没有说完,对方就挂断了,特别没有礼貌,实在是差"
0,"煎蛋，香肠还行。肥牛太老！！菜花难吃！,最sb的可乐是热的，一打开喷的到处都是！,盐酥鸡上面的面太厚太硬！！"
0,太难吃了。大米不好蒸的也不好。鸡都是碎的。
0,送餐太晚了，饿死！
0,饭凉了，咋吃啊？还是本来就是剩饭？
0,满减竟然是页面有，付款时没有。肥牛还不错，黄焖鸡真差劲
0,都点好几次了，这次怎么夹生米，没法吃
0,"东西跟图片完全不一样,鸡肉全是汤,卤肉也没几块肉渣,全是大白菜,极差评,太坑爹了"
0,饭都凉了--与实际不符
0,配送小哥辛苦了，之所以差评，是因为饭里居然有头发！！！受不了！！！
0,鸡肉荤死了！难吃，太难吃了！
0,不是现做的没事，至少您也热一下吧。
0,快递师傅很好，可惜饭菜配不上师傅的速度，太难吃，油大，卖相极差，味道也差，绝不再吃。
0,香芹牛肉丝就跟凉菜似的，凉拌莴笋丝喂猫呢感觉，也太少了吧
0,鱼头感觉米以前多了，虾感觉有点不大新鲜。
0,"吃到一半发现菜里有小强,简直了"
0,"米饭4盒。,为神马变成2盒。,4个人怎么吃。,合到一起也不先问一下"
0,手撕包菜大半盒油，我还特意写了少油
0,小炒牛肉那几个热门的菜一开始做的特别好，赞过好几次，后来就越来越差，最近的两次直接上猪肉了，炒包菜干辣椒生的，菜叶是烂的，拍照给客服，客服说炒菜煮过头了，没错！说的是煮这个字！而且餐厅电话打不通，一路折腾。
0,稀烂的东西，我吃饭是为什么，我叫外卖是为什么，以后都不会定了，艹
0,最奇葩的一次，这米饭少到没法再少…估计成年人能吃五份米饭，那么大的盒子，米饭放了不到六分之一…难道你家的米很贵吗？真是日了狗了！
0,大差评，米饭是什么啊，是剩了3天的吗，餐饮行业这么坑，真没人性，直接扔了
0,米饭太少了！
0,全是垃圾没法吃不建议订餐
0,汤和面不是分开的，面都糊了，不好吃。
0,吃个饭等了一个半小时
0,百度大哥先是找不到地点，找到说多给了几块钱的发票，我一核对，是少给了发票，还好意思跟我要好评，我也是醉了，醉了，醉了
0,前几次面是分开的！这次没分一个多小时送过来已经没法吃了！
0,牛肉面吃到了小蟑螂！无语！以后不能定了
0,送晚了，配送员送错地方，面都断了！没嚼劲！汤洒的到处都是！
0,都泡发了。没醋味，实在难吃
0,"送餐撒了,漏的哪都是油"
0,"这是我吃过最差的一次外卖,1.外卖盒上裹着厚厚的一层凝固脏油,2.备注单上特意写着两个卤蛋不要送差，结果还是只送了一个,3.卤蛋上还有鸡蛋壳在上面,脏乱差"
0,退款呢，没收到
0,吃出苍蝇和虫子了、恶心
0,说订单满30赠小菜，结果没有！
0,"差差差,备注了不要辣,结果还有一盒很辣,孩子根本没法吃,等了那么久,孩子们已经饿坏了"
0,送的东西三盒都洒了，车翻了吗？
0,除了鸡腿吃完了豆皮和面全吃两口扔了。
0,发票不够！！！！大坑
0,凉菜有点儿咸了，牛杂好吃，没以前多了
0,我确实是忘记选择配送时间了，你们商家从来不看买家的备注么，也真是醉了，这就是直接吃片汤了，服气了
0,红油热干面吃了拉肚子！！难受！和老家味道完全不一样啊！
0,忘记说别放辣了，结果辣得我全倒了！
0,是不是因为外卖的关系，怕泡的时间长，面条都没怎么熟，好硬
0,味道还可以，只是送过来有点干
0,"口味能再重一点吗？大料不用钱买？不喝三杯水,我是吃不下去的"
0,送的倒是真速度～可是勺也没给餐巾纸也没有-_-#…以后不点这家了…面不好吃～一股子很不新鲜的味道…鸡腿也是闻起来不新鲜…酒糟小汤圆好马马虎虎…
0,"面太干太硬不好吃，除了面就有两片木耳，差评！,汤水洒的满世界都是"
0,太慢！不会再用百度外卖了
0,热干面没什么味，油太重！豆皮味道还可以，豆干比较多，糯米和肉丁少。
0,比预定时间提前40分钟送到，面和汤还没给分开，吃的时候都泡坏了。
0,饭没什么可说的，外送从取餐到送到用了40分钟，实际距离1公里左右，面条类的东西这样还能吃？
0,注明了不放香菜，结果送来满满的全是香菜。带汤的面条，汤和面没分开盛放，送来直接全糊了，今天注定要饿肚子了，28块钱2个多小时等待打水漂了，差到极致的外卖！！！！！
0,原味鸡能不能差不多点订了六块、基本上都是一样的、上次订也是这样问题
0,服务太差！说半天要番茄酱也没给我拿！后来说给我送又没送
0,送来的东西袋子也不记上、都凉了、快递也不行啊
0,连个吸管都没有，而且送来的都凉了
0,速度快、质量差的很、我要九块原味鸡、四块一样的、你他妈的脑袋有问题吧、告诉我看见就恶心、9??块都是差不多一样的、所以说你们有神经病
0,大晚上点KFC就是个错误，第一次吃到口干这么差的汉堡，肉卷也极差。到点的东西该废要废，拿这种东西卖给顾客好意思？掉钱眼里了？总之东西和自己去店买的口感差很多！但是还是要谢谢辛苦送餐的送餐员！
0,少送了饮料
0,我根本没有收到送餐，你们怎么这么无耻的自己默认买家收到了？！
0,老北京鸡肉卷不新鲜，吃着凉的怎么越来越不好吃了，还有W尔良烤翅炸得太嫩了，好像有水分不像炸，吃起来像生的，]有以前的好。不会这订了
0,订单被取消了N次，相隔那么近竟然说配送不再范围内。最后填了其他地址，但是外卖小哥还是送到了，态度超级好。另外可乐竟然是常温的
0,量越来越少了。
0,不是59免外送费吗？明明收了9块钱外送费！
0,配送地点距离餐厅不到2公里，我用2小时40分钟吃上凉了餐（点击取消订单，我打电话给店家，对方座机是空号，无法取消订单）如此强的配送，如此强的服务，从未见过。
0,晚了快一个小时，太过分了吧
0,量小，送的慢！量超小！送的超慢！
0,留的电话关机，百度电话客服忙碌，在线客服说帮催了，催单一直显示在配送了，等了一个半小时还没来，上网搜了电话号码，打过去说没看到百度外卖下的订单
0,"送餐员不给送到公司,给我打个电话让我去电梯间取,还催我快点,连这么两步都懒得走,干什么送餐员的工作"
0,"1.,十一点订的餐,一点三十才到,2.,12点催单，就说配送中了。,一点二十催单,还配送中。,我单位就在边上走路五分钟的地方,3.,给商家打电话,关机。,4.,送过来之后饼凉了,餐凉了,5.,肘子肉全是大肥肉和青椒,量也小的可怜。,口感我就不说啥了。千万别定"
0,"粥里的肉不新鲜,饼里有沙子,都是菜都没几块肉"
0,"订完餐到给我打电话接餐用了两个多小时，给我打电话接餐到见到外卖小哥用了半个小时，东西东西显然已经冰了，吃个屁啊还？,科科"
0,配送员提前太久打了电话吧，零下十五度让人穿着睡衣拖鞋在外面等了五六分钟
0,呵呵吧。这配送。简直了。没下次了
0,肉不烂，吃起来很难吃，唯一比较好的就是包装很不错
0,送的太慢了，到了都不饿了
0,两个小时送到，冰冰凉透心凉，鸡腿肉里有猪肥肉好几大块，品质越来越差。再见
0,鸡腿卷没有以前好吃了
0,都是凉的，配送很慢！都要三个小时
0,竟让是冰凉的，呵呵，价钱涨了，东西倒是越来越次了
0,2小时配送？每次配送都这么慢！你们要好好想想了……
0,差评差评，时间太长，时间将近2个小时
0,粥连个勺子都没有，还凉的
0,漏送了，最后补送了。皮蛋粥真心有些不好。
0,送餐两个半小时，别的不说了
0,吃到最后出现一块面筋状物质，吃了一口一股浓烈的杏仁苦味(某种化学制剂的味道)，直接吐了出来。
0,点的中卷，比之前点的小很多，还慢，一个半小时，都凉了
0,不好吃，而且感觉皮粘粘的不熟似的
0,"迟到2小时！,我的午餐送餐员,已经迷失在帝都“仙境”中了。。。眼看午饭是吃不上了"
0,全凉了，面都硬了。送的慢可以理解，大冷天没用保温箱还是奇葩的锡纸包装，没法放微波炉。
0,送来东西都已经凉了，凉了味道就不好了，太不靠谱
0,上午10点半订的餐，一点才送到，都凉了，粥连个勺子都没有，怎么喝？南瓜粥淡的要死，皮蛋瘦肉粥跟大米粥差不多。没啥东西。
0,备注不要辣椒，还是放了辣椒，所以放弃当吃货的机会
0,除了可乐，其他都差。还送错了，我要的是鸡腿肉，两单都送错！快递也不上楼。
0,粥是凉的，卷是错的，点的鸡腿肉，给的是红烧肉一样的不知道什么卷，不知道我不吃大肉吗？垃圾送货电话让下楼拿，我问为什么，他笑一笑然后就上来送了，态度反正很不爽，服务差，卷味道也一般，还送错，根本没吃，都扔了
0,非常差劲，饼都破了，漏了我一裤子油
0,不是百度吗，怎么变成了达达。而且包装全是油，我觉得诚信还是很重要吧。
0,送到都凉了，肥肉多多多
0,木耳有一股奇怪的味道。肉也有腥味，一般吧
0,卷饼凉了里面好多大块大肥肉，青椒是生的，吃起来很恶心……粥给我洒了一半，我用了袋子里的两张纸加上自己搭了两张纸，也没把粥盒擦干净。我看这家店名字很逗逼，没想到菜也很逗逼，不会再定了…
0,我这么平时因为现在的订单两个多小时了还没到，你们可以试试
0,配送时间过长，主要离得很近～
0,备注了不要辣不要辣，结果还是一堆辣椒，胃疼不能吃辣，一整个扔了，里面还有一堆洋葱青椒，肉一点点！差！
0,订单取消，一直不给退钱，太差了，打了n次电话，这么差的店再不会来
0,十点叫的，两点多才到，打了好几个电话，都没下文，也不回电，
0,特别少，根本不够吃，而且到了都凉了，还贵
0,送餐人员素质太差劲，上来一顿吵吵，态度恶劣。下次绝不再订。
0,太low，吃不下去，差评差评，好难吃，
0,"两个小时等待,不值,肉很腻,味道不好,食物都是冷的"
0,送餐员不仅送的超慢，而且态度恶略，这态度还做什么外卖啊
0,1个半小时才送到，可想而知饭菜已经凉了！凉凉的！！
0,两个小时才送到！告诉以为单子错了！错了不会问啊！错了钱已经付了啊！错了催单你们还说在路上了！店里的客服跟傻子似的，问什么都不知道！送到所有东西都是凉的！味道也非常差！皮蛋瘦肉粥居然没放盐！
0,我能说订你家餐都送餐超时吗？我也是醉了
0,还可以，咸了点，送货超慢
0,"都冷掉了,皮都掉了,可能是得去店e吃"
0,我没有吃到，还已完成
0,"到达时间晚,因为下雨可以理解,就是收到凉了,自己加热后,食用味道一般,不是很喜欢"
0,"之前吃过很多次,不知道为什么今天是生的,吃一口只能丢掉"
0,点了三碗粥，两个碗坏了，全洒了
0,太难吃了！！送到都凉了还超慢！！
0,太差劲了，送来时纸袋底儿漏了，粥都扣了，一个饼外包装开了也是掉过地上的。我们说剩下这么点我们两个人怎么够吃，送餐员态度无语了，说：你再点呗我有什么办法！
0,速度很快，还行
0,快递员没送到最终目的地
0,没啥烹饪技术，不太好吃。。。是辣的，也没提示。。。营销做得好并没用。。。
0,"配送能力有限,为什么不使用百度派送"
0,不是特别好吃，全是肥肉
0,"一个半小时诶。。。点了套餐,没带粥来,肉卷是凉的。心凉！"
0,等了两个小时，从不饿等到怒饿！送来的时候都凉了，不带这么欺负人的！
0,等了快两个小时，拿到的时候已经凉透了
0,"非常差！速度差！饼拿来全凉的！！还弄在锡纸里面,你让我跟公司怎么热！！！！送了3个小时!！送餐员说餐多，这是什么他妈屁理由！谁尼玛让你接这么多的!!若是分配给你,你送不了就别送！!路不好走，路不好走是事实,但需要走你妈3个小时吗！！！！！？差评差评！！！媒体曝光！等着的,没完！！！！"
0,配送服务极其慢，从订餐到吃到东西，几乎用了2个小时，什么破玩意，再也不吃了！！！！
0,味道不错，送货师傅平均不停打电话催，等10分钟就告诉在不下来就走了，也没有那么忙吧！
0,配送员态度太差，送得慢，按正常速度下楼取还一直催，呵呵了？
0,蔬菜只有几根，差评！！！
0,送餐很慢，商家电话打不通，服务真的很差
0,"真服了,送到冰凉不说饼都泡烂了,天天订餐第一次差评,还能再慢点吗"
0,等了100分钟…还不好吃，到手已经快冷了。
0,送餐速度太慢了，比蜗牛还慢。没有皮蛋瘦肉粥给我换了一个可乐，还没给我补差价
0,与图片相差大，注明不要辣还做那么辣！
0,能不能不要一份餐等3个小时，是想饿死顾客吗
0,宇宙级蜗牛送餐速度，共花2.5小时，并且还没到。
0,等到花都谢了，真心太慢了，希望以后能快点
0,有点淡，送货速度胎慢了
0,慢就一个字，最好提前两天点餐。当天点的是不要奢望能当天送达的！
0,送餐时间慢得不得了，两个小时能到就烧高香吧
0,送餐时间远超1个小时，骗我说送餐员在路上可是2个小时才到。爬也爬到了吧！差评！
0,送餐时间乱写，一个多小时才送到。差劲
0,送的超级慢而且巨难吃！
0,"我了个去,只给我送了个肘子卷,我的两碗粥根本都没做,我交得还是所有的钱,坑我呢？,我的粥呢？,打电话也没人接,什么玩意啊"
0,没给我送，还成交。气死我了！
0,不是一般的慢
0,"速度慢,卷饼凉,太难吃"
0,送菜太慢。等了快仨小时，电话打了好几个。饿的不行了。以后打死也不订这家的了。
0,速度真是超级慢，等了一个多小时，
0,送了一个半小时才送到，饼还是凉的，差劲透了
0,咸死我啦……
0,"晚了一个半小时,而且都凉了"
0,"特别慢,等了一个半小时"
0,点了三样东西，还少送一样
0,非常非常慢！不推荐！
0,"俩小时。,我醉啦！！！！"
0,电话没人接，至少迟送了4个小时，以后再也不会买了！幸亏不特别饿，要不会饿死！！！
0,良辰告诫众饭友，此家卷饼极其不靠谱，到手拔凉拔凉的，一口咬下去半拉多都是饼！凉了的肘子肉吃起来腻死！最最可恶的是，我九点下单预约十一点四十五送，晚了两个小时！要不是看送餐师傅辛苦，我真想把这破饼扔店家脸上！记住，我叫叶良辰，我叶良辰不是你能惹得起的！请饭友奔走相告。
0,"一般吧,不够吃,价格不便宜"
0,等了接近两个小时，太慢了
0,两小时送到，自己体会！
0,"太恶心了....什么玩意好难吃啊,送的还巨慢"
0,送餐没准！！！想送就送，不想送就不送
0,整体不错，肉少，配菜太多。
0,"好评，必须好评，有点如下:,1，有创意:把肉夹馍的皮去掉，换成煎饼包肉，有创意。,2，量足:图片是两个，实际只有一个，只要吃三个就饱了。,3，便宜:20块钱买个肉夹馍，真值。,4，送餐及时:十一点半订的，说十二点半到，结果一点半就到了。,必须赞!!!"
0,商务十点半左右定的餐，到下午两点了还没送到。打电话取消订单了，为什么是“订单已完成”而且没退钱？
0,送货太慢了。
0,"花了两个半小时送来……卷饼都凉了，真是无语,没见过更差的外卖"
0,"没有勺子,配送好慢,手套少一只,恩"
0,"不送上来，让下去去，还没赶下去，就来电话了，说给放到大厦大厅口了，真是太奇葩了，遇到过让在楼梯口等的，遇到过让在一楼等的，还没遇到过这种的，服务太差！！,卷饼味道一般，很肥腻，价格很高，简单的一个饼卷肉，一个最便宜的20，和肉夹馍差不多，总之，再也不会定了"
0,肉不新鲜，面皮也是剩的，不新鲜，生意咱能好好做吗！！！！
0,送餐为啥我要下楼拿。。但是味道还好份量很足。
0,八宝菜竟然是咸菜。。。太坑
0,很不开心的一次！！！三点多下的订单，怕他们忙，让他们五点送，这个推时间，一下子下班到18点20才送到这。还各种找借口！！！！
0,这个很难吃
0,差评，粥全撒了，而且还弄得卷饼没法拿
0,觉得只要在百度外卖订餐，就会很慢。从未准时过
0,选的送达时间：11:45，结果10点58就给我送来了。那我选择送达时间还有什么意义。饭还是一如既往的好吃，干净卫生
0,点的肘子卷送的土豆卷，打电话说再送过来也没送。
0,尖椒土豆卷，全是土豆丝，大概有六七根尖椒丝，上次吃完没事，这次吃完拉肚子了，不知道是不是素拌饭的问题。
0,真真墨迹，服务态度太查了
0,送餐员态度很不好
0,送餐员态度特别差
0,十一点半下单，显示十二点四十送达，结果一点半才送到！！
0,送了快2个小时。。。
0,饼一般，肉还行，辣白菜也一般
0,我10:33下单完成，送达时间是13:22！差11分钟就三个小时！宇宙速度！
0,1.等1小时都没送出，2.东西食之无味，弃之可惜。
0,都不看备注，说好的辣椒酱也没有放，土豆丝没放盐
0,肘子卷不好吃，与实物也不一样
0,"就在路对面,送了一个快一个半小时,差评"
0,虽然我定的很便宜，但是能不能菜多点，90的米饭，10的菜，我也是醉了。
0,点过好几次宇宙卷饼了～这次送的是最快的，本来很开森，但是送餐小哥打电话那个态度～我也是醉了
0,送餐太慢。不是一般的慢。11:04下的单，最后13:20才给送到！客户端催单三次没反应，打电话给商家打了两次，光送餐员（177xxxx0056）打电话就打了三次，最开始地点还给送错了！我又告诉他了地点在哪最后才给送到。这时候给送来了都开始上班了，没时间吃饭。强烈不满！！！看在送餐员岁数不大，一直在说对不起的份上，我还是把中间几位数字隐藏了。
0,上次到了打电话，这次送到了不打电话，害我一直等！！
0,肘子的那个吃后拉肚子了，孜然肌肉的还不错
0,送餐少送了粥隔了俩小时给我打电话说再送来
0,这送的也太慢了，来了之后基本都是凉的，学校离着五道口几百米，还这么慢，1个多小时啊！感觉不会再爱了。
0,再也不要点这家店了。。点的粥没有送到，但是把钱拿走了，送餐员说稍后给打电话解决，可是也没联系我，电话也不接。。。必须差评
0,"慢的不行,就是慢,绝对不黑,贼难吃,等了将近2小时,好吃也行啊"
0,一个字，慢
0,这是从宇宙送来的，快递太慢，6点39下单，马上八点才到
0,太他妈的慢了
0,太TM慢了
0,两个小时还不送过来，最后也不通知我就不送了，没有碰见这么不负责任的商家
0,"很慢,肉不少,饼不好吃"
0,等太久了，而且漏送了一瓶王老吉~~
0,一般，除了包装好看真的没什么了
0,送的挺快，半小时吧就到了，但是味道不太好吃
0,偶尔吃一次还可以
0,送饭速度太慢
0,"差劲的很啊，少送不说,，还强制消费。。。想退款，很麻烦的"
0,第一次在百度外卖上给差评。两个小时左右才送到。而且不好吃。
0,一点酱汁都没有，鸡肉还有浓浓的焦糊味！
0,差评，接单两个多小时没有送餐，打电话也没人接听，更无法取消订单，至今没有给予回复，这是订宵夜的节奏，送来带着锡纸都凉透了，你们都是只上夜班的吗？骗子！！！
0,卷饼和粥送到都已经凉透了
0,"口感一般,卷饼有些硬"
0,等了2个多小时才送来，送来还都是凉的，差评
0,"中分饼根本吃不饱，何况不好吃……,送餐太慢……"
0,等了2个小时15，让我去一楼取，等了10分钟，也打不通电话，看不见人，都一点半了送过来，还让我下楼去取！以后坚决不定
0,服务态度太差了，找不到地方还骂人，挂我电话。建议换一个靠谱点的小哥
0,"卷饼两端面太厚了,盖饭米饭太软了,配送员明知道我在6层,要求我去4层取餐"
0,这破天气我也理解，但是这速度真的都凉了。。。味道一般
0,"太差劲了,等了一晚上也没送到,期间打了四个电话,店家承诺取消订单,最终也没取消,最后店家居然确认订单完成了,太差劲了"
0,菜难吃，送餐员态度极差，送不好餐回家种田去，别在这丢人
0,等了2个多小时，打电话取消了两次，后来又送来了，真是无语了！饼是粘的，不好吃
0,要了粥，没勺子怎么喝？
0,卷饼味道一般，粥难吃
0,不好吃还是不好吃，都是肥肉
0,"皮蛋瘦肉粥不咋地。,送餐大叔虽然很热情，但是跟他说从六七号电梯上来，说半天也说不明白"
0,饼都泡的都裂开馅儿全部出来了，两个半小时才送到，
0,尼玛，送了三个小时
0,送餐速度慢，口味一般！
0,又贵又不好吃，送的还慢，一个半小时，真是够了～…
0,这确定还是以前大美女老板开的那家店麽？饼没完全熟，和以前的饼也不一样，肉就更别提了，块儿大的要死，还很难吃，从前的飘香肘子相当好吃啊~给一星是因为没有办法给零星，真的，差到爆！！！！！
0,太慢了，再也不会订了
0,"快两个小时收到,定的牛肉的,牛肉没有给其他的,以后不定了,不好吃"
0,第一，11点下单12点半送到，偏慢。快递一个劲儿道歉，让我有愧疚感。第二，卷饼味道不错，但是漏油啦，要的鱼香肉丝的，吃完才意识到送的手套是干啥用的。怪我。
0,等了两小时，都饿过头了
0,皮蛋瘦肉粥里没有皮蛋和瘦肉
0,预计配送时间是九十分钟，实际两个小时
0,以后送饭的能不能到了再打电话？特么每次接到电话下去得等5分钟以上是什么意思？
0,这是我吃过的全宇宙最难吃的卷饼，没有之一，而且送餐很慢，后会无期了您呐
0,"肥肉太多！送餐太慢,不会订了"
0,不管口味如何，送了两个多小时，不骂街我已经是素质好了
0,垃圾，接单配送慢的要死
0,连取消都取消不了，电话也不接，是店家垃圾还是百度服务跟不上？人家美团投诉了还有个回复，你们呢？垃圾啊店家更是垃圾中的垃圾，大家不要订了，等待不起啊
0,送货超慢，已经都凉透了，饼硬的不行。
0,晕了都，让12点送过来，你这10.50多就送过来了，让我情何以堪
0,不是肘子肉吧，而且送来的都是凉
0,很一般，卷饼是死面的，较厚，吃不惯
0,今天定的这个纯素的口味不太好，里头放了豆瓣酱还是什么的太浓了，有点发苦。。送餐时间太长，一共用了1个半小时多。皮蛋粥还不错。
0,等了100多分钟，送来的时候我都快饿晕了。。。。。
0,好慢。。。而且送过来的时候洒的不成样子。。。
0,嗯，送餐很及时！
0,菜明显是剩菜，跟之前买的完全不一样
0,送餐太慢了，我十二点点的餐两点才到，
0,没一样满意的
0,太慢，而且不好吃，只是辛苦外卖小哥了
0,非常慢，一分钟接单，两个小时送到。商家电话一直关机，这是对顾客的不尊重，因为天气恶劣送不了就不要接单，或者提前打电话告知具体多长时间送到也行，不能既不告知，还接单还关机，订外卖以来最差的体验，卷饼也很难吃，皮厚油腻。
0,肘子的还不错，送餐太慢，到了后粥凉的彻底，还不上门，要下楼自取
0,又慢又难吃
0,等了2个半小时这也就罢了，想取消订单的时候商家竟然还关机。派送的大叔冒雨送来我也是觉得很辛苦，据说派送大叔不是商家自己的人，我看他的app上显示13:24接到商家发出的我的单子，可是，我11点19下单的啊！如果以上我说的这些都不叫事的话，那我收到的鸡腿肉卷里为什么是猪肉的？呵呵嗒，订餐受99点打击，再也不来了
0,"我很少评论外卖,但是这个我真的要说一说,!,十点多订的我外卖,卖家一分钟就接单了,然后过了一个半小时还多我才收到外卖!!收到的时候粥已经是凉的,锡纸包着饼,锡纸是热的,我还想还好还能吃,可是打开后饼已经凉了,油也凝固了,饼也因为凉了变硬！！！106分钟才送达,送来的还是凉的,卖家要是你你能满意吗！！！"
0,皮太厚，不喜欢
0,等了近两个小时
0,虽然送晚了，但是商家的太度还是可以的
0,送餐特别特的慢！
0,等到快8点，南瓜粥是凉的，卷饼也是凉的！
0,配送竟然只送到1层，什么服务。。。太差了，以后不会再点了
0,"坦白说没什么味道,就是肉和饼"
0,送的有点慢，味道很好！
0,味道很不好，都凉了，饼都没有熟，肉也没有味道，跟在店里吃的差远了
0,皮蛋瘦肉粥和汇源果汁没送，投诉了也没用哈，然后让我跑18层楼下去拿外卖，是你送还是我送？要不剩下的我都帮你送了吧！
0,"完全不值这个价,一个素菜卷饼15,里面就两根土豆几块洋葱,饼倒是挺大。,再也不来了"
0,宇宙最慢的卷饼
0,有点咸，包装好于食物
0,下楼自己取，每次都是自己去拿，我要是有那时间就不叫外卖了
0,买了7次，我自己下楼取了7次，而且配送员态度一般...不是来不及了就是电梯下不去！请问电梯下不去我怎么下去？
0,盖饭不好吃。还等的海枯石烂了。不点了
0,送餐打电话跟要打架一样，我还挺客气的说放在门卫那儿就好，话还没说完就给挂了电话，够可以的
0,粥还能吃，卷饼不好吃
0,不送到，下楼去取
0,肉少菜多，菜好像不太新鲜，皮蛋瘦肉粥还可以便宜点，送餐还挺快
0,送的比较慢，味道不错，就是凉了！
0,送得太慢了，险些饿死…
0,垃圾食品吃完中毒啦！！！！！！
0,味道不好，饮料很难喝
0,就这还想要意见？找客服，你没送到就没送到，找毛的理由了，我饿了2个小时，对你态度能好？直接差评，以后不来买了
0,味道不怎么玩
0,根本就不是肘子肉
0,最后一次买你家东西。
0,味道巨难吃，肉太肥了，吃不下去
0,送的太慢了！！！！
0,吃了一半就吃不下去了，里面尽是肥肉，吃完就开始难受，拉了一下午肚子，再也不吃了！
0,创造了我点外卖的纪录，167分钟等待，都可以从北京到天津买了大麻花回来了，还等卷饼和粥
0,真的好慢啊！等了将近两个小时，快饿死了，只好自己出去买了，刚买回来才打电话说送来了……
0,速度挺快，但是味道不咋地，东西不太干净，吃的我肠炎，拉肚子都要虚脱了，以后不会再定了
0,"实在是太失望了,这个店刚开业的时候吃过一次,觉得特别好吃,今天送来后我都怀疑是不是点错店了,怎么反差这么大啊,外面的饼皮就和一团生面一样"
0,4个小时。。呵呵了
0,不值17元！我要的是肘子，里面加了一半鸡肉，不如大街上手抓饼加两块里脊，皮蛋瘦肉粥6元不如早起2.5元的实在
0,没想象的好，粥里没硬货，饼味道还行，量一般
0,"十一点后点餐,送的慢,不过味道确实不错"
0,越来越难吃了，不会再吃了
0,卷饼还可以，这粥也太不值了！皮蛋两三粒，瘦肉一块没吃着，这能叫皮蛋瘦肉粥吗？就是普通的白米粥！！！！
0,本来满怀期待的等到1点多，结果不送上来，1点多应该过高峰了啊？下去拿餐，发现只有我的那份，我就呵呵了
0,慢的要死，3个小时的苦苦等待……1.15送达
0,"送个餐90分钟,呵呵,竟然送餐不知道坐电梯去B2,呵呵,我自己去拿的,呵呵,没心情吃,呵呵"
0,根本不是肘子，就是五花肉，还很硬，很一般
0,也就是7块钱的卷饼。。
0,真的很慢…
0,再也不会定了，不到十一点定的，快一点才到，中途打电话取消，压根不接电话，太恶劣了。送来的卷饼包了两层锡纸，因为第一层包不住汤，又包一层。拆开根本没法吃！木耳跟最开始的味道也不一样了。良心哪去了？！
0,送餐速度太慢，两个小时才到，打电话也不接！味道也很差，直接扔掉了。。。。点过的最差的外卖！！！！！
0,料很足，但是酱肉太咸了，饭点儿叫外卖等了一个多小时
0,千万不要买，不好吃而且服务太差，送餐速度三小时，最失败的一次购买
0,艹尼玛的，打电话不接什么意思，耍流氓么
0,慢，送餐态度我也是醉了
0,服务态度特别差，还发脾气
0,从包装到味道总体还可以，就是小菜不怎么好吃，木耳还凑合，辣白菜根本不是那味儿！所以小菜再弄好点的话，还会多多支持！
0,粥里面竟然有蛋壳，
0,两个半小时才到，问商家说配送员11点出去的，一点才到这是去送全北京的外卖了吗？问起来就各种找理由，又是单子多又是第一个送的我的，我十点半定的也不算晚吧！就不信两个半小时都送不到！
0,土豆肉丝没有一丁点肉，怀疑送错了，皮蛋瘦肉粥很一般
0,一个多小时才送到，也太慢了
0,"粥没味……香菇炖鸡的鸡竟然是鸡肉丝也就算了,一点味道也没有……送餐先说送不到宿舍要去大南门取,我到了大南门他又说他在宿舍了……这家店一生黑"
0,11点半点的餐，12点45送到的！！蜗牛都比你们快！！！不会再定了！
0,根本不是肘子肉。。。
0,卷的菜很少，感觉很一般
0,"2:30送到,小伙伴们,看着办吧"
0,我就搞不明白了，我要了一份皮蛋瘦肉粥商家为什么不给勺子？
0,粥还行，拌饭的米粘糊糊的
0,挺不错，就是时间有点长，一个半小时送达
0,一个小时才到，粥也洒了，饼也凉了
0,"好吃,包装也很好"
0,速度还可以，口味可真心待提高啊
0,~味道真的不太好
0,"走路十分钟就到，结果我疯了一个半小时才送到,，,饼还不熟"
0,没有第一次吃的好，里面有小骨头渣子，咯牙
0,2个半小时还有啥说的，最后一次
0,唉！让自己去楼下大厦门口拿餐，没时间去拿，然后就这个点送到了，送到后都上班了
0,太油腻了。
0,送餐极其差
0,东西不错，时间有点久，预期时间不准
0,他家还是卷饼好吃...蔬菜拌饭太难吃了....本来想吃点清淡的，打开一看一层洋葱混着卷饼里的酱....下面依稀有些土豆丝豆芽抽吧的蘑菇片.....真的很难吃啊....不过卷饼是真的好吃，下次还是点卷饼好了....
0,送餐特别慢！！老板电话不给说！！除了送餐员还行以外，真的不知道说什么好，吃的还没吃，味道不知道，100多分钟才送到，就800米……还有评价单上的送达时间不对！！什么11点14？是12点14！！！！！
0,味道还可以。
0,下午拉肚子了
0,包装不好，导致粥都撒了。因为送餐员放下就走，打开看才知道不能吃了，因为忙也没有让重新送，就这样吧
0,十一点半定的，说十二点半到，我知道我定晚了～我没催你们吧，理解你们吧，结果两点多才到，我吃的是午饭么？！能不能干？不能干别接单！
0,很不好吃。
0,土豆丝还可以，香菇的好难吃！
0,"说句实话,确实一般,如果不是因为优惠,20的最后4块钱买的,我真想退货"
0,鱼香肉丝味道完全不对，饼很硬
0,粥的盒子都碎了，没法吃。
0,等了两个半小时才到，不想说什么了
0,还可以吧。吃着也就那样。粥不错，挺好喝
0,感觉味道一般，不是很好吃…鸡肉很老…等了两个多小时，餐才送到，以后不会再定他们家了
0,说了不放辣，还是辣的
0,差评，两个半小时才送到！
0,太慢了，等了两个多小时，而且特别咸
0,尼玛是生的，为了快也不能这样啊！！
0,什么也不想说了等了两个小时，而且最重要的我点的东西不全，粥和饼有，但是七元的辣白菜没有我已经给交款了，应该给我返还七元真他妈的倒霉差死了
0,凭良心说味道不错，也没有网友说的饼硬。就是以后少放点酱，一吃全挤出来了，锡纸包的不严汤漏了一袋子。然后快递打错电话，把9按成6了，还一直说打不通，这个得培训下吧？
0,土豆丝卷饼太难吃了。。
0,肥肉太多吃的时候还把嘴唇拿破了
0,里面粥盒碎的，粥全撒了；只剩卷饼淹没在粥当中……
0,没有很好吃
0,买的饼和粥！！！粥居然不给送！！没见过这样的！
0,东西还好，餐送的很慢
0,送不到就不要接单好了，上午十点半下单下午一点半才送到，打电话店员态度不应该诚恳点？你还有理了？卷饼味道一般，凉的，像是剩菜。
0,肉不新鲜！跟网评差远了
0,送餐速度慢
0,总是不按正确的时间送达
0,包装不错，饼一般，肘子有点腥。
0,"首先我想说这送餐服务简直是太差了，我选择的送餐时间是12点15，他11点半就送来了，但是根本没有联系我，而是放在了大厅，直到12点半我也没有收到任何信息，打电话咨询说是五道口负责，并给了我电话，这时一个老师听到了我的电话内容说，“,那有个饭不知道是不是你的,”，我一看说就是，他说早送来了，送餐人员会联系我，但是根本没有联系我，不论是电话还是短信，打开饼硬硬的，粥快凉了，我都崩溃了，请问你们还能再不靠谱点吗？以后再也不买了"
0,腻的很，难吃
0,好吃～不错～速度快！
0,送的慢1个多小时，卷饼特别干，没有老北京鸡肉卷好吃，因为里面没有酱，而且肉不太好，感觉不一定是肘子肉，不会再吃了
0,"肉质不新鲜,已经有味道了，不知是不是外卖才这样"
0,不好吃，饼太死
0,"饭真的很一般,米饭质量不行"
0,太辣了，送餐速度慢了点，等了两小时
0,两个多小时才送到，我也是醉了。。。。打电话让我取餐，结果他走错楼了。。。。
0,第一天11:20下的订单，催了好几遍还是1点多才送来，一共订了3样东西，只送了2样。说得特别好说第二天天再送份原样的订单，12点前一定送到，11点多特意打电话问说是送出来了，还是快1点才到，以后不会再订了。
0,送餐很快、很好吃，干净卫生
0,差评差评，十点定的，一点半才送到，没有任何道歉，再也不会定了
0,味道还不错，但是送餐太慢了，等了接近2个小时
0,包装很精致，可是等了近两个小时才送到！
0,和同事一快订的，送到时间晚半小时。催了两次。希望安排好送餐时间。
0,订单在十一点就应该到的，现在都12点了还没有送到，我刚还不小心点错了，把订单确认了，还没有催单的电话，请问我的餐到哪了？
0,东西不新鲜，感觉像是放了好多天的
0,菜量非常少，是给小孩准备的吗？？
0,太TM差了，点餐到收餐等了俩小时，饭量还少，还有，店主没吃过辣白菜吧？不会做我教你啊。。
0,吃了拉肚子
0,"11:35下单'14:20送到,想吃的自己掂量掂量时间！"
0,"什么送餐速度，你么13：32订餐，14：36还没送来，打电话问人家答复还让再等半个小时送来，这你么也太霸王了吧，虽然就点一份也不能用这种服务态度对待，就算是免费得外送,人家都是第一时间响应，服务态度实在不敢恭维！！！"
0,送餐速度太恶心了！将近3小时而且没交代！
0,卷饼不错，但等了两个小时，什么情况
0,包装精致，送餐快速，味道一般
0,就冲等了108分钟就要打差评....电话也占线.....
0,11：23定的，13：21送到的，电话打了18个，不是关机就是打不通，偶尔通一次，还没人接
0,东西是还不错，就是不懂为什么不能给送上来，我知道你们中午忙，可是也不能天天让我下楼等你们给我送过来吧，我也是在上班呢阿，以后还是不点了。
0,"可以用垃圾来形容了，能把土豆丝做的这么难吃,厨师也是很不容易啊！"
0,送餐很快，味道一般
0,包装超级好、味道也不错
0,这次不知道怎么了，两个多小时才送到，连个电话也没有，配送员连句抱歉都没有！
0,太难吃了，不知道怎么搞出来的销量
0,一个小时30分钟才送到，都凉了，味道很一般，再也不订了。
0,差评！！！实在不知道该说什么，事情太复杂，送餐人员一开始就打了一个电话，因为手机静音没有接到，马上就打回去了，结果说已经到别的学校了，好吧，那就等，结果期间又打了三个电话，还是晚了五十分钟送到了，总共等了将近两个小时。送到了也就没什么了，结果取餐的时候，我们还没说什么，送餐人员直接抢白，说因为我一开始没有接电话，他送了一圈饭，最后又回来我们这边。我们都能理解送餐人员的辛苦，可是您态度太不好了吧！说句凶残的话，怪我咯！！总之，任性，就三星！
0,都是大肥肉，吃不了！
0,皮蛋瘦肉粥不错，土豆肉丝盖饭就呵呵了
0,"]嚼,味道太伪"
0,味道还可以，速度真是惊人，送了快2个小时
0,送外卖的呵呵了，不给送到我给的地址，还让我自己走老远去拿，那我还订外卖干嘛。卷饼还是很好吃的。
0,感觉全部都是甜面酱，太甜了，饼太厚，菜的汁水流了一手
0,送餐者态度极其不好！！！！
0,送得很快。可是，肘子卷和以前吃的不一样了，全是肉，都漏油了，只有几片小小的跟指甲盖差不多大的青椒，没吃完，太腻了…粥不错
0,鱼香肉丝的肉呢？？巨慢
0,卷饼的皮很硬，肉也不是肘子肉，没有以前好吃了，很失望，近期不会再点了。
0,送的慢还难吃
0,味道还可以，就是等的花儿也谢了，近2小时才送到…
0,没有另一家的好吃，送的太慢了
0,不知道怎么这么慢！
0,看来以后订他们家的午餐应该从9点开始才行呀
0,送餐太慢等一个半小时
0,真的很差，11点半订餐，下午1点半才给送餐，差到极点，送餐员居然到了不敢面对客户直接把饭扔在前台就走了，从未遇到过这样的外卖
0,卷饼还是比较好吃的
0,包装挺好，土豆肉丝卷饼中的肉丝都是肥的，不好吃，土豆丝也一般
0,"好难吃啊,都没吃过这样子的京酱肉丝,还送得超慢,差评"
0,10分钟就送到了，但竟然是凉的，所以不知这是不是别人不要剩下的。吃完拉肚子了。
0,速度很快，味道一般
0,差！强烈不推荐！首先送的东西少送了，还是自己打电话去问，问了又告诉我打另一个电话！为了退款自己打电话就打了四五个！其次东西真的超级不好吃，看着也脏脏的！很垃圾
0,写的是12点送，11点就给我打电话说到了，在上课取不了，12多点又来的，之前订的外卖都能送上楼，这个不给送，下课到楼下取的，肉卷的味道倒是可以！
0,生的，不能吃，扔掉了，配送还特慢
0,南瓜粥不错，素菜卷一般，跟土豆丝差别不大，就是加了豆芽，香菇，味道不突出。
0,难吃，做得慢，一点半下单还等了一个小时。根本不是在一点五十八送达，这么糊弄有意思吗
0,外卖等了两个半小时才送到，给客服打电话让商家回电也不回，最后外卖小哥说电动自行车爆胎了，不如说实话，忘了就忘了呗，卷饼还是好吃的，希望以后不要忘单了。
0,116分钟才送到，醉了
0,两个多小时送到，味道一般
0,真她娘的慢，要等两个小时才送到，人都饿死了
0,"肘子卷太油腻,可能个人不太适应这个肥肉,味道真贵还好"
0,太慢，太慢，实在太慢。而且也不好吃。
0,配送很慢，味道一般一般
0,确定是香菇鸡肉么？感觉是不是弄错了？？？？
0,受不了了，17点32下的单，19点15送到，饿晕了，再也不会买了
0,量少，不怎么好吃，太干了
0,慢慢慢，快三个小时
0,我还以为又吃不上了，昨天和同事定的餐，硬是一下午没来。
0,没有第二次
0,饼不错，味道也可以，就是夹的菜有点少。送餐速度也挺快。
0,土豆丝不错，鸡腿肉和饼都不够新鲜。
0,送餐太慢了，味道不错！
0,等了2个半小时。。。饭菜还不错
0,因为一直没有点上肘子卷饼，今天特地10点就点餐了。基本按时间送到，包装服务都挺好。但是！这也不能抵住我的失望，我期待的大片肘子变成一个一个的瘦肉块和肥肉丁！这怎么会是肘子这就是炒肉丁加辣椒好么！说加辣酱没有吃出来辣酱味道，饼还甜甜的。
0,"不好吃,太腻了,饼还很厚,皮蛋粥就是白粥,等了一个多小时"
0,米饭太黏，跟盖饭似的，只不过多了点蔬菜，不好吃。还吃乖乖吃卷饼吧！
0,太差了！以前吃过不是这样的！越来越差了！怎么搭配的啊！这么油腻！都是肥肉！里面一点配菜都没有！肥肉特别腻！差点吃吐！哎！想想以前还是不错的，现在怎么就这么差了呢，惋惜
0,9点多下的单。约定11点30到。12点20才到。期间催单三次。最后不得已打电话催单。饭量是够饱。就是太慢了。
0,"尖椒土豆丝卷饼夹生,不好差评"
0,"味道就那样把,盖浇饭挺难吃的"
0,送得太慢了
0,送餐时间等太久了（80多分钟），还少送了一样，给退了钱，味道还行
0,不愧是宇宙卷饼，送餐慢到宇宙外了，商家电话永远在通话中和关机中间，好不容易打通一次，结果给挂断了，差评！强烈要求这样的商家撤出百度外卖！
0,要楼底下取餐！以前没有这种情况。
0,味道还行，就是送餐太慢了……
0,菜都没放盐，一点味道也没有，饭太烂了，水水的，还有一股奇怪的味道
0,价格太贵不实惠，送餐时间相当慢
0,为都是肥肉！
0,馅儿还可以但饼不好吃，皮蛋瘦肉粥好吃
0,"要是不想饿死,就别要他家饭,等了三个来小时,你大爷的"
0,"次奥你吗,三个小时,才特么到,吃你妈比,谁特么也别定,定了都得饿死你们"
0,"很慢,丢单"
0,送餐时间太长了，公司同事一块订的餐，其他家的12点就到了，就你们家的第三方派送的慢，又是将近两个小时了。。。。。
0,将近两个小时才送到，差评
0,不好吃，很一般
0,太差劲了~送餐晚了就算了，还让人自己去取餐，是你送外卖还是我送的，自己下去，还订餐做什么！
0,口味倒还可以，份量小，中分的对男生来说根本不够，吃完后晚上拉肚子了，也不知道是不是他家的关系
0,时间有点慢
0,失误难免，，以后请注意。。
0,请卖家看备注啊…已经第二次给我做岔了。多等一个小时会饿死人。
0,从说马上送餐，到收到餐，时间特别久，给的送餐电话打不通！
0,不值，饼和菜都不行
0,还是可以，希望^_^能按时送到就更好了
0,为什么肉皮上的毛毛没有弄掉？是不是只要挣钱管他死活？虽然吃不死人，但是看着很恶心的。
0,味道一般般，饼大，肘子肉少。
0,早上9点订的，下午1点多才送到。中间催了两次。味道一般。就这样。百度，你们能把握一下入驻商家质量这关嘛
0,真是太难吃了，硬得咬不动
0,等了两小时！！！电话打不通，没法取消订单，坑人！！！
0,一般吧味道
0,两个多小时才送到
0,写给没定过的朋友，一定要先看评价再订餐，我绝对不会再定，味道你懂的。本人订餐从来都是5星好评，这个真的。。。
0,送餐太慢了，粥都凉了，不好喝，土豆肉丝卷饼，全是土豆零星有一点肉丝。。。差评，不建议购买
0,太慢了，两个小时
0,"饭做的难吃，送外卖的也让人无语，,谎称保安不让进门，让我跑了好远才拿到，当面对质是送外卖的自己不想进，真想骂人！"
0,"饼难吃,肉不入味,送了一个半小时,量特少"
0,垃圾百度送餐，多近的地方就没有一个小时内送到的
0,"这个我必须好好说说了,等了好久卷饼送到了，我习惯性的给了现金,送餐的男子一把扯下来包装袋子上的小票就走了，我回房间想起了已经支付宝付过了，赶紧出去在电梯口要回来了，我说为什么单子不给我，他说都不给的，我一看小票上写的清楚,已付，估计是怕我想起来付过钱的急急忙忙就走了。这次回来打开包装一看，少了份粥,只好打电话，态度不错的说补送，大概过了二十多分钟送来了，快凉了。,下面说味道，肘子味道可以，但是一点都不烂所以又大块硬硬的肥肉，觉得有些腻。带皮的肉我全都扔出来了，因为有毛。,这个价格确实也不能期望太高，不过不会点第二次了。这顿饭吃的太闹心。"
0,"难吃死了,饭菜里面那是甜面酱？好难吃……不像是拌饭,有点像是盖饭……甜兮兮的,不好吃"
0,还不错吧，配送小哥态度很好，速度略慢...肘子卷饼味道还是可以的，但是总觉得不像肘子更像红烧肉...
0,卷饼不熟！还能看到白色生面！商家太差了！回吃死人的！
0,不要奥尔良啊，不要奥尔良啊
0,不是怎么好吃，一般吧。
0,一般般，太腻
0,"送餐慢就不说了,八宝菜里还有石块,硌得牙疼好几天"
0,我点得鸡腿！给我送错辣！
0,等了一个半小时，皮蛋瘦肉粥太失望了，卷饼味道一般。
0,"饼不好吃,好多肥肉"
0,菜里有虫子。。最后全扔了。真恶心
0,一般吧，饼不好吃
0,一个多小时，时间太长了
0,送外卖的大妈一定是上错楼层了，还横的无与伦比，各种吼！太差了
0,送餐的人说到了，压根没见到人，还冲我吼吼吼！
0,饭挺软和的，三份饭，两份菜没放盐是的
0,傻逼一样，跟1楼告诉我等电梯上不来，墨迹了40分钟，最后还是我下去取得，sb店关了吧
0,卖相和图片相差甚远
0,吃完一会就肚子疼，过一会就拉稀了，不想再说了，你明白吗
0,送了快两个小时！电话也打不通！
0,卷饼还可以，南瓜粥不好喝，还不如早点摊上的好
0,南瓜粥全都洒了，拿到是个空碗
0,十点半定的立即送餐，两点多才给送来！真是够了！打电话还不接，好不容易通了一次，再打就关机！定了这么多次百度外卖，就没碰到过这样的商家，真是长见识了！！！
0,"太慢了,等了一个半小时，中号卷饼很大，有点辣，肉给的很多，没有酱？味道一般，南瓜粥没有味道也不甜。"
0,我要的辣的，怎么送了个不辣的呢！
0,很难吃的饼
0,难吃，送的又慢！
0,"超级不好吃,超级慢,打电话取消还不给我取消,一个多小时才到"
0,送餐晚了快一个小时，态度极差。
0,时间很长，送来都是凉的。希望大家以后别在这家买了，百度外卖，我感觉这次是最差的。
0,送的超级慢，竟然还让我去楼下拿，从来没遇到这样的
0,"菜真的很少,可能是主打卷饼所以米法蔬菜拌饭才会这样难吃，肉也很少，基本上菜吃完了还剩下一大半的米没吃呢，不会再订了，太坑人了。"
0,饼很硬，也许是时间太久凉了。肘子肉也很硬，估计也是因为时间。
0,味道一般吧，我让十二点半送来的，结果十一点半就送来了，我也是醉了。
0,鸡腿为啥不见了？
0,"面没熟,有点凉了,不是很好"
0,都打电话确认两次了，跟我说已经取消了，结果还是送了。本着助人为乐的原则，我还是付款了。
0,点的蔬菜肘子卷，里面除了肉就只有几片圆白菜！图片上的豆芽呢？！黄瓜呢？！绿蔬呢？！洋葱呢？！辣白菜呢？！差差差差差评！！！再也不会点第二次。
0,我点的是肘子卷、您给我送的五花肉卷、真心当我吃不出来么？
0,皮蛋粥快咸死了，不好吃！不过包装值得表扬！
0,和想像的不一样，有点贵。
0,卷饼味道一般，肉太干，不会再买
0,慢的要死，一点也不好吃！死贵！
0,很难吃。还不如肉夹馍
0,都是肉没有菜，这什么饭也不能光是肘子和饼啊，放点生菜行不行
0,饭居然是甜的！【表示从不吃甜肉】还有股虾丑味！
0,拿到手的时候是凉的，感觉一点儿都不好吃。就是山东的煎饼，卷上煮熟的肉。
0,两个小时才到
0,好多肥肉。。肯定不是肘子肉！
0,今天真是见识了，如此好的天气，送餐竟然能用了一个半小时。菜品也一般，皮蛋粥太咸了，鸡肉卷里一堆鸡皮，太令人失望了。
0,一般！也不怎么样
0,禀太后……饼，太厚……
0,飘香肘子凉了而且味道不太好…酱香还行
0,等了整整一个小时，都凉透了。变得好难吃
0,送餐送了两个小时！都凉了！
0,送餐很慢，饿死了，味道很一般
0,"花了一个半小时才送到,肘子卷挺一般的,皮蛋粥也不怎么样,第二天早上还拉肚子了,不会再买了"
0,又慢又不好吃。。。谁订坑谁
0,菜品两分，不能再多，肉菜卷真没见着肉
0,服务态度不好
0,卷饼皮太厚，里面的肉太硬，不好吃，这样的标价与质量严重不符！！！！！
0,快递恶劣到极点了，还耍小心眼
0,太辣了，辣椒太多
0,速度太慢，饿死了快～
0,不是一般的慢啊，快仨小时才到，不过素的卷饼还是挺好吃的，送餐太慢，感觉以后不会来了快～
0,个人觉得很难吃，饼太厚，说好的肘子肉其实是些很糟的瘦肉丁儿，量的话2分肉8分青辣椒吧。吃完就闹肚子了=_=！
0,尼玛速度太慢，绝无下次，
0,鱼香肉丝没有一根肉就算了！还吃出来根头发！我真是！！！气死了！！！
0,味道不错，就是速度太慢了…两个半小时…等到没脾气了
0,送餐速度太慢了！！！
0,三个小时的配送时间，如果想大家想订餐请三思。
0,等了两个小时。10点半下单
0,送餐时间长达2个多小时，十分不靠谱，11点下单，13:30送达，不靠谱！！！
0,真心没什么优点可说的。
0,等了一个半小时，收到时已经饿晕了，关键点的香菇鸡肉卷还不好吃。。
0,送餐送了俩小时，饿晕了都，盖饭太难吃了
0,现种现磨的麦子现烙的饼！11点发货。人民大学到海淀黄庄用时60分钟还是电话催单2次之后（要知道系统显示预计时间11:07）。我只想说，小哥你是匍匐前进来的么！！所谓的高峰时段根本就是从开门到闭店，如果发货和订单时间根本没关系的话，那就索性什么时候出外卖什么开始下订单好了，省的彼此都废感情。最后，这是我第一次也是最后一次订餐，午休只有一个小时伤不起。。
0,不是很适合个人口味
0,好慢...吃得还不错
0,卷还不错，但粥就太一般了，皮蛋粥感觉就是早就煮好的稀粥里临时加了几块皮蛋。
0,只吃了一口就扔了，肉有一股子臭味儿，一次管够，最垃圾的一次体验！
0,没勺子没法喝粥
0,"冷了,有点硬"
0,"恶心，说好的11点15送达，晚了1个多小时，分量那么少，,根本不是牛肉，卷饼汤露的到处都是，饼都没熟，不知道什么味，真难吃，服务挺好的，有毛用，草，再也不在你家买了"
0,贵且不好吃
0,吃坏肚子了，酱肉卷饼。拉了夜里肚子被疼醒，有严重的呕吐敢，这种半成品再加热的食物，天气热真是好危险，不敢再点了
0,难吃到无以复加，以后都会绕道，全是洋葱很少肉，太过分了吧
0,吃不了肥肉的最好不要点，有点腻！酱料不多，味道偏淡。
0,老公说一般
0,等了一个多小时，确实不好吃
0,肘子卷真的难吃啊
0,"真难吃,全是肥肉"
0,太难吃了。真的。肉都不是肘子
0,太慢太慢，粥就是水做的
0,"土豆肉丝卷饼都酸了…不新鲜,配送速度极慢"
0,不能难吃更多
0,包装上没少下本，味道有待提高，吃完有些腻
0,"很一般,有点小失望,而且送过来是凉的"
0,不好吃，香菇鸡肉卷，里面全是香菇，几根鸡肉，没有一点青菜，粥的碗那么小。
0,"饼还不错,粥是馊的,直接扔"
0,真是把宇宙都卷包没了
0,非常非常差，时间太长，味道不好，吃了第二天早上蹲了一上午厕所，食物中毒。
0,不好吃、都是肥肉
0,吃完昨晚到现在一直闹肚子，确定现做的？跟第一次差好多！
0,很油味道一般
0,从头吃到尾配菜都只有大块青椒，说好的蔬菜呢…备注了不要辣椒酱还是辣得要死，感觉不会再爱了。
0,送外卖连零钱也没有，拿了我一百块钱去换零钱，自己买了三块钱的东西钱还得我出。服气了，以后不敢再点了
0,"肘子卷饼根本没有肉的香味,不咸不淡不好吃,提前订的,等了2个多小时才到,我打了5个电话催,真是醉了"
0,等了2个半小时，不是肘子，都是肥肉，而且特别辣。黑暗料理。
0,速度慢就不说了，味道也太对不起等待的时间了，最后一次，谢谢
0,东西挺好的，送餐超慢超慢
0,不好吃，饼跟面皮似的，肉太干
0,买来跟小孩一起吃，结果都拉肚子了，包装这么好，卫生差管什么用！！！如果小孩有问题，我一定找你们算账
0,超级难吃，谁订谁知道
0,太慢了，口味对我来说是一般。
0,菜太少了，饼有点厚，酱汁味道浅
0,根本不是肘子肉，只是些瘦肉加肥肉。
0,点的肘子卷饼，说实话，挺失望的。首先，全是大块的肉，只有几小块生的青椒，而且肉是整块的瘦肉，根本不是肥肥的肘花，而且饼很硬，肠胃不好的很难消化。作为妹子表示，全是肉吃得非常不开森。再说送餐速度吧，等了一个多小时才送到，真是挺失望的
0,不知道是送错了还是本来就分量少，我这个大份的，特别小。。
0,"太慢,一个半小时"
0,肉很足，味道还行，就是送的实在太慢了，等了两个多小时，到的时候菜都凉了。
0,味道一般，干干巴巴的，吃到最后有点想吐。不过包装不错，看起来很精致干净。总体来讲，不值20元钱。
0,还可以不用优惠卷太贵了
0,第一次买这家的饼，这家店的肘子卷饼不是一般的差，大还推荐哪，大家不要买了！已经注明要热的了，饼送到了都是凉的了，估计早做好了就等中午送吧，而且一股腐臭味，你们用的什么肉就知道了吧！里面的肉10块里有8块是大肥肉，泥马肘子里有大块的腐臭的肥肉吗？可以投诉吗，百度怎么准入了这家店，真是恶心到家了！
0,卷饼和香肠那么粗，严重忽悠人啊！~
0,两公里送了俩小时
0,"土豆肉丝,没见肉在哪"
0,送餐迟到20分钟不说，竟然还少一样菜！太不认真了！差评！
0,味道一般般
0,"超级难吃，感觉上当了,实物和图片相差太远了"
0,"太慢了，，，等了两小时,味道还不错"
0,我真的没有延时评价
0,整整晚了一个小时送到，非常生气，以后再也不定这家饭了
0,米里有石籽，硌到牙了。。。
0,什么也别说了！这家商店就他么是坑人的！东西别提多难吃了！我他么吃了一半就吃不下扔了！吃的想吐！你贵不怕，问题你好吃啊！草泥马得了！祝你家早日关张
0,等到花都谢了，送餐员还要求我快点取餐，真是奇葩了！
0,里面有大块鸡肉和一点生菜，个人感觉不好吃，有点失望啊，饼挺大，不松软
0,牛肉拌饭超难吃
0,"慢,真心慢,真心慢,卷饼还可以,拌饭真心难吃"
0,肘子蔬菜拌饭，太难吃了，酱和菜拌不开，一口咸一口淡，肉也不香，飘香肘子卷，中份，太少，没菜，不好吃，111分钟才来
0,真的很难吃，其它不愿吐槽了
0,凉菜不错～
0,辣白菜太酸，卷饼辣椒直接卷进去，味道一般，南瓜粥比较适合口味，下次不再点了
0,坑！等了两个小时！催单三次，打电话过去N次，一直通话中！都没法取消！我都不想骂人了
0,味道还行，拌饭的菜量太少啦
0,送了两个小时才到，我也是醉了
0,配送速度日了动物园了，快3小时了
0,"等了1个半小时左右才送到,五花肉味道一般,配菜是青辣椒"
0,味道一般，送餐时间太长…………都要长毛了，下次应该不会想再订了
0,上帝等的都快饿死了！
0,等了两个小时，一切差评！！！！！！！！！
0,一个半小时才送到，送餐员态度特别恶劣，差评！！！
0,送餐时间太久了
0,太慢了！量太小太贵
0,米饭好像不是新鲜
0,怎么送的不是肘子的！！！
0,这个煎饼也是醉了。。。
0,"一直想点你家试试,可是吃完之后,闹了三次肚子,到底怎么回事"
0,第一次体验，但是感觉真的是一般....
0,送餐速度太慢，俩小时，不能忍了
0,涨价了，越来越不值得
0,今天这个送餐的让我太无语了，电话接通就喊“出来拿外卖”。我30秒不到走出去就没人了，一看外卖在楼道内垃圾桶上放着。永远不会再订这家了，太差劲！！！
0,肥肉太多...
0,无敌慢！！！！！！！昨天2小时，今天依旧2个半小时都，居然还没送到
0,太太太太慢了！！！2个多小时，十点多下单，1点才到
0,客观的说，味道还可以。如果愿意等2.5小时的话，可以试试
0,巨慢！以后还是别订了
0,很不愉快的一次点餐
0,"太多肥肉了,口味一般"
0,送餐速度确实很慢。
0,实在难吃，什么肘子，就几块瘦肉吧了
0,"等了两小时,还超难吃"
0,备注了快点送赶时间还送了近两个小时
0,非一般的慢
0,卷饼味道真的很一般
0,面有点夹生
0,包装很精美，吃起来没有想象的好吃，很噎...
0,简直不能更糟糕！！！汤汁流得到处都是，并且图片与实物差太多！纯素卷里根本没有绿色蔬菜
0,"催单,电话打不通,三个小时才送到,不会在定了"
0,肥肉多，汤凉了，送餐的说我没支付...
0,"太慢了,量太少"
0,"难吃到吐,送餐慢，服务态度差,一张硬面皮里面裹点肉卖20～"
0,就是太辣了，建议有辣的标明一下，或者反映在商品名称中。
0,没吃过这么难吃的东西
0,这个太难吃了，还有点味是不是昨天剩的肉！！
0,等了140分钟才到…卷饼也不知是凉了还是别的原因，味道很差
0,"1、土豆肉丝卷饼,就几根肉丝，我特么去饭店点个土豆肉丝也不至于这样啊,2、飘香肘子卷饼也是那艹型，这是坑害消费者是吗,3’第一次非常实惠，这第二次订餐简直是噩梦。我和朋友说这家卷饼非常实惠，直接打脸,4、定了一个盖饭香菇鸡肉，原来是特么圆盒非常有食欲，现在一个普通的垃圾小方盒，饭菜在一起，还不如成都小吃的一盒饭一盒菜,呼吁大家千万不要吃，人家是越做越好，这是越来越差！！！还坑害消费者！"
0,打开之后发现皮蛋瘦肉粥的餐盒都破了……洒了一纸袋……就吃了卷饼！！！
0,垃圾，难吃死了，饼还不熟
0,图片与实物完全不符，不知道是送错了还是怎样，而且不好吃！！！送餐大叔的脾气态度特别差，就好像他才是订餐的顾客，我还得顺着，宠着他:)劝大家别订他家！！！
0,不太好吃！
0,送餐的重来不上楼
0,太咸了，太咸了，太咸了，重要的事情说三遍！
0,锡铂纸包的，感觉里面面皮没怎么熟，不是多好吃~
0,皮蛋瘦肉粥和南瓜粥也太难喝了，尤其是皮蛋瘦肉粥，很腥气，卷饼的饼是烫面的，不是图片中的烙饼，里面的菜味道还可以，但总体有待提高，希望商户继续努力，尤其是粥，熬的真的让我没法凑合。。。
0,两个小时才送到，期间也没打电话说明情况，必须差评！
0,"差评！！！,送餐巨慢，味道很差，卷饼太厚，部分还没有熟，里面的肉根本没味道，酱很少。强烈推荐不吃！,南瓜粥也差，粥跟南瓜汁基本是分开的，对就是南瓜子泡在白粥的感觉，难吃。"
0,送餐太慢，2个小时左右，差评！
0,"皮厚,菜少粥不满"
0,京酱肉丝的还可以，肘子的没有酱，太干了
0,好吃的都慢
0,80多分钟送到，大号卷饼里全是肉，没有菜。。装粥的饭盒边上都是碎塑料片。
0,十点五十定的十二点四十到，肘子感觉有点怪味，肥肉里面还有瘤子，不会再点了。。
0,很慢就不说了，关键是还不好吃。
0,"都说了不要辣的,还给我来个辣的"
0,没味，肉和菜切的块很大，没有酱料干巴巴的，饼是那种跟吃烤鸭或者京酱肉丝时候的那种饼一样的，不是烙饼，总之不好吃。
0,什么情况？不是已经打电话说好了取消订单吗？还给不给退款了？能不能有点信誉
0,两个小时才送来，卷饼味道还行，粥还不如早点摊的，没有皮蛋没有瘦肉，粥也没味道。冲着卷饼给两星吧。
0,太太慢了，
0,送的太晚了，11点订的餐，一点半才送到，而且没到也一般
0,送餐太慢了。。。等的蛋疼。。。
0,感觉太干了，不喜欢
0,俩小时才送到。两份粥才给1个勺。逗我呢
0,包装牛逼，送餐速度……咳咳……
0,"饼是馊的,肉是臭的,还能在恶心点吗？,在百度订餐,头一次碰到这样的"
0,"送了80多分钟才到！味道,鸡肉太老了！粥的味道不错"
0,买过这么多外卖第一次让我去楼下取的！还显得特别理所应当！一颗星给你都多！！！
0,饼好硬好厚，肉柴菜少，没什么味，比老北京鸡肉卷差太多了，吃一次不会再吃了。粥太咸
0,说退款也不退，一点都不诚信
0,送餐员极其粗鲁，没礼貌，差评
0,菜不是很好吃
0,送餐态度恶劣，非常非常不好
0,有点腻。没给拿勺子。
0,第一次订餐10点半订的，12点35才送到，还少一样，我确实很无语。
0,盖饭好难吃…粥还可以
0,味道一般吧，菜给的少，送的时间太长了，包装到是不错
0,两小时送到简直没谁了
0,最崩溃的是时间，近两小时才到，伤不起，味道不难吃，牛肉吃出京酱肉丝的感觉，量中等
0,性价比不高，跟图片差很远
0,饼子里卷的肥肉太多
0,"史上最难吃卷饼！皮太厚！青椒太大颗,并且很辣,好歹也切碎一点,肘子味道太一般了,硬不嫩,太柴了，产品失败！还有包装的锡箔纸是个什么鬼，吃到最后汤全漏在锡箔纸上了,外包装那么大的纸袋是在浪费资源吗，真是想哭，重新研发吧,太失败！"
0,送的挺快，不过为什么没有以前好吃了呢
0,实在不合口味，没吃几口就扔了
0,菜品还不错，不过送餐太慢了，从下单到送到一共用了90多分钟
0,粥洒出很多，配送人让去电梯门口等
0,从没这样的体验，能告诉我辣白菜那股刺鼻的化工原料味道是哪来的？能解释两小时的送餐吗？漏油，弄得办公桌一塌糊涂！
0,还算不错吧，一般般
0,送餐晚了50分钟，味道也没有第一次定的好吃了，土豆肉丝里边油太多
0,味道什么的还不错，不过比预定的时间完了1个半小时左右吧，饿的有点胃疼……
0,话说东西很实在，问题是为啥里面放了好多青椒，介绍里面完全没写呀，我都吃吐了，实在受不了青椒的味道，难道我还一颗颗挑出来，老板赔我的好心情
0,飘香肘子。。明显不是肘子上的肉啊！肥肉。
0,没有酱怎么吃啊
0,"11点下单2点才送到,真特么服了,而且,肘子卷里面根本没肘子肉,就是普通猪肉块"
0,太慢了，能换个送餐员吗？来了饭都凉了，本来就胃疼，说喝个粥，还是凉的！还有那个拌饭！送错了！大哥！！！！总之，很慢！！！！除了卷饼，剩下的没有好吃的！
0,好慢。以为是拌面。
0,"京酱肉丝卷,酱放得太多了"
0,量不是很大，小贵有些油，等了快一个半小时了才来
0,"送餐时间长！,送餐员服务态度差！"
0,非常难吃啊，非常难吃，特别难吃！
0,订了两种，结果只送了一种，粥没送，电话一直打不通，打的百度外卖客服，说帮忙解决。过去一周了，没有任何消息。
0,算是饭了，菜少的可怜
0,晚上七点订的外卖，九点还没送到，电话说是忘了我的订单，说好的退款一直没有退还
0,太差了，饭盒很小，一盒饭就装半盒。
0,"送的挺快的,但是饼子不热,夹得肉好少没以前吃的时候多了"
0,送餐也是太慢了，和同事一起定的，结果人家都吃完了，我的还没到！慢就慢了，定的纯素蔬菜拌饭，结果送来蘑菇拌饭，错了不说吧，饭里还有头发！太恶心了，果断没心情吃下去！
0,图片仅供参考
0,绝对不会再点第二次，包装的锡纸跟烤糊了一样，脏！送餐的逼跟大爷一样，我在阳台凉衣服，第一次没接到这逼电话，第二个电话我接到了，丫跟审孙子一样问我点没点餐，先不说东西好不好吃，就TM这服务态度，等着关门吧！
0,应该不会在点第二次了
0,南瓜粥凉了，鸡肉卷有点腻人，建议加些番茄酱。
0,味道真心一般感觉不是特好吃送餐的到还挺准时
0,送的真慢呢
0,送过来的时候是馊的，吃一口就扔了，有点坑人
0,东西很好吃，但是送餐速度实在不敢恭维，一个半小时没送到，连句话都没有！打电话一直占线，10多个电话，持续了半个小时还是占线，原因不想想的太龌龊。苦等一个半小时，都不知道会不会来，连个通知都没有！
0,还行…味道不咋地
0,建议两个小时前订餐！
0,"太慢了,等了1个半小时"
0,很好吃就是时间长了点
0,"小两个小时送到,而且真的很难吃"
0,注明了不要辣，可还是辣的
0,能不能准时点啊
0,"不是我想说没货了，就不能马上停止接单嘛？两个小时才送到，饿到胃痛不说，都已经上班了很耽误事。饼还凉了，你说能好吃吗？,另外，我真服了百度外卖的办事效率，退款要15天，今天都第16天了还没有收到退款。不在乎那点钱，就是感觉很不爽，以前还觉得百度外卖挺好的，几乎每天都用。"
0,味道不敢恭维
0,超级慢，配送态度也差，感觉就他家牛逼似的
0,一般般。。。
0,太sb了，要的肘子送个鸡腿
0,等了一个多小时，我也是醉了！
0,没吃过那么难吃的
0,送了150分钟！
0,"巨慢,巨少,巨难吃"
0,超级难吃，而且等的时间还长，11订的，1点多才送来，没有下次了，简直无语
0,卷饼有点辣…倒是挺刺激的，蛮好吃～南瓜粥比较一般。送餐实在是慢！上一次就是因为慢取消了，这次还是超慢，而且也没有取餐送餐的状态，让人心里没底，希望改进吧！
0,2个半小时，我也是醉了
0,这个饼真的很难吃，第一口肥肉，第二口还是肥肉，没有什么味道
0,太难吃了。
0,太恶心了，鸡腿肉卷饼干脆改名叫鸡皮卷饼，把面皮打开一看完全没食欲了，受不了
0,"9点定的,12点才送到,还只送到楼下,太差了"
0,香菇鸡肉卷饼=香菇香菇卷饼
0,超级不好吃。。。
0,味道还可以，就是量少…
0,难吃，快递脾气很大
0,哇。。还好是满减买的，原价买的要哭死的了。。。一手的面皮肉好少
0,不好吃，肉不好，饼很硬，差评！
0,三个小时的等待，服了
0,"送了好久才送到,看着办吧"
0,早上十点多定的，下午一点多才给送到，太慢了，饼还一般
0,没有想象中的好吃
0,11点的餐，1点多才到手里。这都上班了，怎么吃？
0,两个小时才送到！
0,太烂了，太无语了
0,味道一般（纯素蔬菜卷）
0,等了快两个小时，还把饼送成了饭，就这样吧
0,这蔬菜拌饭有点
0,香菇是不是烂了呀
0,送餐很慢，鸡肉腥味很重
0,慢到堪比蜗牛！
0,我是订的晚餐，送餐太晚了，都饿过了，唯一优点就是味道不错
0,以前用烙饼卷的还好，现在是面皮了，反正我觉得不好吃
0,鱼香肉丝咸的不得了，而且很干
0,登了100多分钟，送餐用了2个小时
0,卷饼没有一点味道，尖椒土豆丝没有尖椒，粗粗的土豆丝。素拌饭只有一点点土豆丝圆葱和酱。饭硬硬的简直了。严重差评
0,差评，鸡腿里面居然有猪肉，还是肥肉！
0,太慢了，用了2个多小时才送到！
0,"卷饼里面吃出红色塑胶线,！！"
0,还不错，就是送餐比较慢。明明点的汇源果汁，结果送的可口可乐，什么情况？？？
0,"迟到了45分钟,饼都硬了"
0,"真是奇葩宇宙卷饼外送服务。说下这家的感受，一共点过三次此家的外卖。第一次点，早上十点半不到下单，下午两点硬是没吃上饭，期间催单无数次，打电话要么不通要么通了就说送餐员一直在路上马上送到，愣是被忽悠一大中午，无语。无奈只好把当天体验在评价里留言给予差评，结果晚上下班接到店家的电话，各种不容易，服务没做好等等道歉，OK咱们也不是蛮不讲理之人，创业做生意谁都不容易，也许当天真是店里忙不过来，你让我把差评删除没问题，也希望能有所改进。第二次点餐服务还是不错的，送餐只用了50分钟而且产品的包装和配送人员都不错.,第三次点餐，也就是今天，早上10:09下单，送餐员中午1:08拿着餐急急火火的进门，一句道歉的话没说，我问了句“你家怎么送餐这么慢，都三个小时了”，送餐小哥一脸不愿意的说中午就是这么忙，那还要不要？遂忿忿离去。我去真牛，感情你送餐晚，送不到怪我喽？送的慢你不知道提前电话沟通下吗，不打电话问你们，就装着没事人一样。得了，对这家也不抱什么希望了，宇宙卷饼就是这么霸气！"
0,怎么说呢，最满意的是包装，哈哈，味道和想象的差好远，饼好硬，哎r(st)q，不过挺便宜的
0,饭非常好，物美价廉，包装很精致！送饭的师傅把饭放在垃圾桶上用来吐痰和弹烟灰的沙子里，让人怎么吃？！送餐慢可以理解，毕竟定的晚，而且师傅要送很多家，但是明知道是垃圾桶，而且还是人们吐痰和弹烟灰的地方，还把饭放到里面，你这个送饭的师傅是不是太招人恨了？！
0,超级恶心，晚了一个小时，商家电话不是正在通话中，就是接通以后无人接听，严重鄙视！！！太无良了
0,一般般，速度太慢，太辣
0,米饭是夹生的，只好把菜吃了，饭扔掉
0,"太慢,太慢,太慢,不好吃"
0,"卷饼还行,送餐速度太恶心,整得心情极差,订之前考虑一下"
0,太咸了，粥太贵了！
0,等了132分钟
0,就是有点少。。。
0,菜不好吃。送货时间晚，等了好久。。。
0,也许是我自己没胃口呢
0,东西少，送餐慢
0,"完全送错了啊(,?????,)只给我送了一个带肥肉的，我点的是两个，一个鸡肉，一个土豆丝(???)"
0,靠。昨天中午的订单我取消了订单的。tmd太慢了。为什么没有退钱给我。我根本没有拿到订单。操。退钱！老板良心做生意啊
0,天哪太慢了。真的要2个小时。肉多量大但是酱料太少味道有点淡。皮特别厚
0,3个小时送到！
0,饼有点硬，个人口味吧，我不喜欢
0,挺好吃的，但是再也不买了，超时两个点。
0,一般，送饭特慢
0,根本就没送餐，还舔脸确认，垃圾
0,5点半下单，接单以后7点半送到，送来的时候整个都凉了。我如果不打商家电话问不知什么时候才能吃上。再这么送餐可能顾客会少一半。希望改正。
0,太不好吃了
0,减量了吗，没有咸淡味，菜也很少。
0,酱太少了，没有味道，菜也比从前少。
0,有点小，没吃饱
0,卷饼不错，但有点贵啊～
0,100分钟！！等死了
0,木耳不好吃，辣白菜还好，皮蛋瘦肉粥太淡
0,"要了一个牛的一个鸡的,结果送成两个牛的,还有很多肉筋,南瓜粥极其不好喝,这也就算了,约的12点,结果12点45才送到,真是醉了"
0,纯素拌饭真心难吃
0,"送的太慢了,下次不点了"
0,迟来了两个小时，不到十一点下的单，到一点了才送来，差评
0,"首先送餐时间过长，十点半左右下的订单，系统显示11:20送达，实际送达时间为12:40,其次，配餐有误，我定的是全素饼送来的是全素饭"
0,不给发票理直气壮
0,"这个菜简直没法吃啊！！！,外包装还是挺好的，打开一看简直晕死了！,肉是酸臭的！米饭也不太熟！,真心没法吃！店家能给个解释么？"
0,等了一小时，感觉量略少，一个女生勉强能吃饱，偏偏我是饭量大的女生
0,买了个王老吉，生产日期是2014年8月份的，僵尸饮料吗？
0,"快递找不着地方，反问我都不知道哪儿，态度让我心情很不爽！一周左右吧，我留的也是这个地址，也是这家，为什么别人可以找到？前几次态度都特别好，就这次,。"
0,汇源果汁没送啊
0,送餐速度过慢，服务人员甚至弄错了位置。
0,送餐太慢了，东西都凉了
0,妈的。饭都没给我送来，就默认交易成功了。什么玩意
0,鸡肉的有点淡
0,等了80分钟，餐厅卖不了就别出外卖，耽误时间
0,昨天40分钟，今天95分钟，饿的已经不行了……而且大家注意，不管你确认送达的时间多少，默认收货时间都是40分钟，一定要在评价的时候选择送达时间才可以
0,外卖慢的要死，打电话退单还不接电话
0,卷饼的量太小了，，
0,第二次点的飘香肘子等了近俩小时，饼有点凉了不说还特别干，肘子肉做的特别老，还没有刷酱，这样子生意怎么做啊以后
0,时间太长，休息日居然90分钟，味道一般
0,"还凑合，第一次吃，从下单到吃到饼花了2小时。太慢。,饼有些凉了，而且酱料有点少。馅料也有点少。"
0,"味道好一般,饼厚又硬。。"
0,我和朋友两个人晚上吃完，第二天都拉肚子了，而且我们两个那天晚上只吃了这个卷饼，真是怕了。送餐倒是挺快的，味道也还可以，但是拉肚子实在是受不了啊。。。
0,送过来都冷掉了。。
0,真是服了，等了将近两个小时才到，送餐的人说什么要下雨了还催我下来拿态度特别差。。
0,送餐慢，肉少，味道不好
0,送餐时间上太差劲
0,"真泥马难吃。没有酱。一星都不想给,送的又慢"
0,两个小时才送到，十二点半下单，两点半才送到。味道极其难吃，饼很厚，而且很多层粘在一起，基本咬不动。饼本身基本占到了一半体积。肉有一多半是全肥的，难以下咽，几乎没有配菜。里面几乎没有酱汁，又干又恶心。吃了一半就扔了。粥又少又凉，不提也罢。这样的店，没尝试过的人真是幸运，不如买包泡面充饥！
0,饼特别硬，肉特别干一点味道都没有
0,没见过这么玩的，不送进学校要我出来取，我出来取了你人还没到。祝早日破产。
0,越来越小了。。。
0,没给酱，很难吃
0,因为楼层很多所以让人去校门口自取，好懒……
0,上午订餐，两个半小时才送到
0,送餐两个半小时，不能更慢！木耳里有飞虫，无语！
0,送餐非常慢，东西又难吃，没有酱
0,感觉卷饼好像忘了放酱，特别干，一点水分没有，里面也不是肘子肉，更像是猪瘦肉，不好吃
0,百分百差评，米饭特么跟粥一样黏糊糊的，怎么吃啊！！！！第一次遇到这种情况！不是米饭，是大米粥！！！！
0,辣白菜好难吃。。。。。咸的发苦。。。。。。没吃过这么难吃的辣白菜。。。
0,纯素蔬菜拌饭里面为什么会有肉！！！什么叫纯素啊，哎呀，素食主义者受不了了啊！！1！！！
0,送餐太慢，等了近两个小时！包装不错，味道需要改进，点的全蔬菜饼，蔬菜熟太过了
0,太差了，尤其是送餐员态度！不会在来了，全各位慎重，态度也就不说了，里面的粥都撒了，我就呵呵了
0,在这种无风明朗的日子里等了快三个小时！！！
0,两个半小时才送到我也是醉了，等那么就好吃的话也值了，关键味道不咋地，全是肥肉，看着就反胃，不会再来了
0,快被饿死了，真的很不愉快的经历，商家电话一直也打不通
0,味道还可以，送餐很慢，而且商家电话一直都是关机，想取消订单都取消不了
0,这是第一次在你家订餐！十点半下单，一点半才送来！！！等了整整三个小时！打电话给餐厅，刚接通，就被人为的特意挂断了！而且我备注里写了三遍不要洋葱，最终依旧放了好多洋葱！说要黑胡椒味的！最后放的辣酱！特别无语！
0,差评！没见过比这更慢得外卖，差评！而且还难吃。！
0,饼有点硬，不好吃。
0,没吃出什么味道。饿死了。迟到1个多小时。
0,明明是午饭，迟到1个多小时，只能留着晚上用了。饿死了。
0,都没吃出什么味道，饿死啦。晚了1小时多。
0,"得亏现在有优惠，你确定这一个卷饼值20,肘子在哪里,分明就是半熟的肥肉,糊弄人,量也是刷单刷的"
0,两个小时才送到，无语了，又很难吃，貌似都没放酱，再也不会定了
0,两个小时，醉了
0,送餐人员态度恶劣，等了超过一个半小时，送来以后还骂人，叫过这么多次外卖从没见过这种送餐人员
0,卷饼不太喜欢吃，肉是块儿的，肥是肥，瘦是瘦，没有酱料，而且配菜辣椒真是辣死我了。外卖小哥为了不上楼和我墨迹半天，有这功夫都走一趟了
0,有点凉了，不好吃，没什么味道。不是很满意。
0,一个小时才送到。醉了
0,真的好难吃，唯一好的就是那个纸袋包装，卷饼皮硬，里面几乎都是辣椒和肥肉，你叫辣椒卷饼得了，辣椒还辣死人，我都说了不吃辣！那个皮蛋粥简直是我喝过的最难喝的粥，一点味道都没有，皮蛋瘦肉根本就看不见，真尼玛坑爹！再也不会买了！
0,还好，一般
0,"说实话不怎么样啊,根本不够吃,还那么贵"
0,难吃死了还那么贵
0,品味太一般了！卷饼硬，里面夹的菜品量太小！肘子太肥
0,能再慢点吗？？！！
0,不如昨天的，今天鸡肉太老，饼都干硬了，吃完牙都疼了
0,我10:25左右下的单，建议11:45送到，结果一直到下午1:29才给我打电话，打百度外卖电话取消订单了
0,要的皮蛋瘦肉粥全撒了。吃毛线。还慢的要死
0,如果没有肥肉就更好了
0,点的卷饼和粥，就送了卷饼，没粥，快递说问店铺，打店铺电话还关机！就这效率和服务，怎么做生意的…
0,送餐60分钟，卷饼味道一般
0,卷饼味道很一般很一般，不好吃，但是便宜
0,"送了三个小时,我也服气了,开始刚来公司没注意直接选立即送餐了还觉得太早了,可是没想到还是订晚了"
0,唉，等了好久
0,如果饼薄一些，加点辣酱或者麻酱会更好吃！
0,"送太慢！粥没一点味道,并也很干,只能说一般！"
0,不好吃还有货到都软了
0,10：30订的，12：40才到啊。两个小时啊，害的我午休时间都没了。鸡肉老，整体味道勉强及格。太失望
0,特别慢！！！送餐态度还很差！等了一个多小时，说了一句你们也太慢了吧！人家说那没办法餐厅太忙！卧槽餐厅忙怪我喽，一直说快到了快到了！到不了就到不了我也不用一直在楼下坐着啊！千万别定这家！！！味道还一般！就是便宜
0,味道还好，就是太慢了！！！
0,一次很不满意的订餐，第一次定，两个多小时才送到，电话无人接听，味道也不怎么样
0,我的肘子卷变成了香菇卷。皮蛋粥变成了南瓜粥。。不太合适吧....
0,等了两个半小时才到。
0,太慢了呀。。。
0,送货时间太长，店家态度太差
0,配送能再不准时点么，饭里全是沙子
0,"口味还可以,就是送的有点慢..."
0,好几次十点半定餐，都是一点送到、速度太慢、差评！耽误事、
0,太慢了，等了接近80分钟，都凉了
0,一个半小时才到～太耽误事情了
0,"送餐有点慢,鸡肉有点腥,没吃完,量大"
